pname,purl
librtpi,pkg:generic/librtpi@1.0.1
jsoncons,pkg:generic/jsoncons@1.3.0
snowhouse,pkg:generic/snowhouse@5.0.0
libaec,pkg:generic/libaec@1.1.3
libxaw,pkg:generic/libxaw@1.0.13
lcm,pkg:generic/lcm@1.4.0
moos-core,pkg:generic/moos-core@10.4.0
quazip,pkg:generic/quazip@1.4
rttr,pkg:generic/rttr@0.9.6+20210811
miniaudio,pkg:generic/miniaudio@0.11.22
libjuice,pkg:generic/libjuice@1.5.8
yajl,pkg:generic/yajl@2.1.0
pthread-stubs,pkg:generic/pthread-stubs@0.4
liblo,pkg:generic/liblo@0.32
libspng,pkg:generic/libspng@0.7.4
blpapi,pkg:generic/blpapi@3.25.1
liblemon,pkg:generic/liblemon
qttranslations,pkg:generic/qttranslations@6.8.2
string-theory,pkg:generic/string-theory@3.8
tinycbor,pkg:generic/tinycbor
nanogui,pkg:generic/nanogui
3fd,pkg:generic/3fd@2.6.3
ngtcp2,pkg:generic/ngtcp2@1.11.0
duilib,pkg:generic/duilib
gegl,pkg:generic/gegl@0.4.54
azure-core-tracing-opentelemetry-cpp,pkg:generic/azure-core-tracing-opentelemetry-cpp
pravila00-enumflag,pkg:generic/pravila00-enumflag
directxmesh,pkg:generic/directxmesh
libxmlpp,pkg:generic/libxmlpp@5.4.0
tuplet,pkg:generic/tuplet@2.1.1
cgicc,pkg:generic/cgicc@3.2.20
webthing-cpp,pkg:generic/webthing-cpp@1.2.0
zydis,pkg:generic/zydis
eabase,pkg:generic/eabase
opentracing,pkg:generic/opentracing@1.6.0
sfsexp,pkg:generic/sfsexp@1.4.1
cpprealm,pkg:generic/cpprealm@2.2.0
caf,pkg:generic/caf@1.0.2
azure-messaging-eventhubs-checkpointstore-blob-cpp,pkg:generic/azure-messaging-eventhubs-checkpointstore-blob-cpp
boost-stacktrace,pkg:generic/boost-stacktrace@1.87.0
egl-registry,pkg:generic/egl-registry
bigint,pkg:generic/bigint
variant-lite,pkg:generic/variant-lite@2.0.0
dv-processing,pkg:generic/dv-processing@1.7.9
qt5-winextras,pkg:generic/qt5-winextras@5.15.16
jack2,pkg:generic/jack2
xcb-proto,pkg:generic/xcb-proto@1.14.1
p-ranav-csv,pkg:generic/p-ranav-csv
status-code,pkg:generic/status-code
libfreenect2,pkg:generic/libfreenect2@0.2.1
qt5-3d,pkg:generic/qt5-3d@5.15.16
armadillo,pkg:generic/armadillo@14.2.2
spirv-reflect,pkg:generic/spirv-reflect@1.4.304.1
sord,pkg:generic/sord@0.16.18
wangle,pkg:generic/wangle
scenepic,pkg:generic/scenepic@1.1.1
ableton,pkg:generic/ableton@3.0.6
vulkan-sdk-components,pkg:generic/vulkan-sdk-components@1.4.304.1
portaudio,pkg:generic/portaudio@19.7
cryptopp,pkg:generic/cryptopp@8.9.0
gz-math7,pkg:generic/gz-math7@7.3.0
libgpiod,pkg:generic/libgpiod@2.1.3
ponder,pkg:generic/ponder@3.0.0
libcsv,pkg:generic/libcsv@3.0.3
nanoarrow,pkg:generic/nanoarrow@0.6.0
function2,pkg:generic/function2
boost-iterator,pkg:generic/boost-iterator@1.87.0
boinc,pkg:generic/boinc@8.0.4
libcds,pkg:generic/libcds@2.3.3
matroska,pkg:generic/matroska@1.7.1
boost-vmd,pkg:generic/boost-vmd@1.87.0
xnnpack,pkg:generic/xnnpack
rhash,pkg:generic/rhash@1.4.5
libunifex,pkg:generic/libunifex@0.4.0
cairomm,pkg:generic/cairomm@1.18.0
nanovg,pkg:generic/nanovg
ruapu,pkg:generic/ruapu@0.1.0
argtable3,pkg:generic/argtable3
glad,pkg:generic/glad@0.1.36
qoi,pkg:generic/qoi
muparser,pkg:generic/muparser@2.3.5
kdalgorithms,pkg:generic/kdalgorithms@1.4
kcp,pkg:generic/kcp@1.7
skia,pkg:generic/skia@134
libstk,pkg:generic/libstk@4.6.1
luabridge,pkg:generic/luabridge@2.8
minc,pkg:generic/minc
ztd-encoding-tables,pkg:generic/ztd-encoding-tables
cctag,pkg:generic/cctag
nnpack,pkg:generic/nnpack
numcpp,pkg:generic/numcpp@2.14.0
mlpack,pkg:generic/mlpack@4.5.1
asynch,pkg:generic/asynch
oatpp-swagger,pkg:generic/oatpp-swagger@1.3.0
ppmagic,pkg:generic/ppmagic
boost-graph-parallel,pkg:generic/boost-graph-parallel@1.87.0
orocos-kdl,pkg:generic/orocos-kdl@1.5.1
edflib,pkg:generic/edflib@1.27
basisu,pkg:generic/basisu@1.50.0
ndis-driver-library,pkg:generic/ndis-driver-library@1.2.0
boost-predef,pkg:generic/boost-predef@1.87.0
minhook,pkg:generic/minhook@1.3.3
boost-describe,pkg:generic/boost-describe@1.87.0
libnoise,pkg:generic/libnoise@1.0.0
libsmb2,pkg:generic/libsmb2@6.2
cspice,pkg:generic/cspice@67
pcg,pkg:generic/pcg
libadlmidi,pkg:generic/libadlmidi@1.5.1
kf5service,pkg:generic/kf5service@5.98.0
libxdmcp,pkg:generic/libxdmcp@1.1.3
yomm2,pkg:generic/yomm2@1.6.0
vsgxchange,pkg:generic/vsgxchange@1.1.4
hikogui,pkg:generic/hikogui@0.8.1
foxi,pkg:generic/foxi
ace,pkg:generic/ace@8.0.2
xcb,pkg:generic/xcb@1.14
boost-concept-check,pkg:generic/boost-concept-check@1.87.0
aws-c-event-stream,pkg:generic/aws-c-event-stream@0.5.0
taocpp-json,pkg:generic/taocpp-json
libe57,pkg:generic/libe57
boost-histogram,pkg:generic/boost-histogram@1.87.0
wavpack,pkg:generic/wavpack@5.7.0
cuda-api-wrappers,pkg:generic/cuda-api-wrappers@0.8.0
xlsxio,pkg:generic/xlsxio@0.2.34
uni-algo,pkg:generic/uni-algo
boost-statechart,pkg:generic/boost-statechart@1.87.0
sqlite-modern-cpp,pkg:generic/sqlite-modern-cpp
mdl-sdk,pkg:generic/mdl-sdk@2024.1
tinyutf8,pkg:generic/tinyutf8@4.4.3
directx-dxc,pkg:generic/directx-dxc
cppfs,pkg:generic/cppfs@1.3.0
robin-map,pkg:generic/robin-map
cddlib,pkg:generic/cddlib
lely-core,pkg:generic/lely-core@2.3.5
fixed-containers,pkg:generic/fixed-containers
graphite2,pkg:generic/graphite2@1.3.14
curlcpp,pkg:generic/curlcpp@3.1
idevicerestore,pkg:generic/idevicerestore
starlink-ast,pkg:generic/starlink-ast@9.2.12
itpp,pkg:generic/itpp
json-glib,pkg:generic/json-glib@1.10.6
daw-json-link,pkg:generic/daw-json-link@3.30.2
kissfft,pkg:generic/kissfft@131.1.0
serf,pkg:generic/serf@1.3.10
boost-atomic,pkg:generic/boost-atomic@1.87.0
mpmcqueue,pkg:generic/mpmcqueue
unittest-cpp,pkg:generic/unittest-cpp
sdbus-cpp,pkg:generic/sdbus-cpp@2.1.0
console-bridge,pkg:generic/console-bridge
ztd-text,pkg:generic/ztd-text
prometheus-cpp,pkg:generic/prometheus-cpp
blingfire,pkg:generic/blingfire@0.1.8.1
readline-osx,pkg:generic/readline-osx
nifly,pkg:generic/nifly@1.0.0
sdl2,pkg:generic/sdl2@2.32.2
sleepy-discord,pkg:generic/sleepy-discord
libgeotiff,pkg:generic/libgeotiff@1.7.4
boost-python,pkg:generic/boost-python@1.87.0
json-schema-validator,pkg:generic/json-schema-validator@2.3.0
fmi4cpp,pkg:generic/fmi4cpp@0.8.0
hps,pkg:generic/hps
recast,pkg:generic/recast
ode,pkg:generic/ode@0.16.6
gz-common5,pkg:generic/gz-common5@5.4.1
libeventheader-decode,pkg:generic/libeventheader-decode@1.4.0
boost-callable-traits,pkg:generic/boost-callable-traits@1.87.0
sigmatch,pkg:generic/sigmatch@0.2.0
wolf-midi,pkg:generic/wolf-midi@1.0.1
lexbor,pkg:generic/lexbor@2.4.0
nlohmann-json,pkg:generic/nlohmann-json
bdwgc,pkg:generic/bdwgc@8.2.8
jkqtplotter,pkg:generic/jkqtplotter
x264,pkg:generic/x264@0.164.3108
vcpkg-tool-meson,pkg:generic/vcpkg-tool-meson@1.6.1
clipper2,pkg:generic/clipper2@1.5.2
sundials,pkg:generic/sundials
mariadb-connector-cpp,pkg:generic/mariadb-connector-cpp@1.1.5
rxcpp,pkg:generic/rxcpp@4.1.1
boost-date-time,pkg:generic/boost-date-time@1.87.0
libsystemd,pkg:generic/libsystemd@256.4
discordcoreapi,pkg:generic/discordcoreapi@2.0.8
dukglue,pkg:generic/dukglue
libmultisense,pkg:generic/libmultisense@6.1.0
air-ctl,pkg:generic/air-ctl@1.1.2
libosdp,pkg:generic/libosdp@3.0.5
eastl,pkg:generic/eastl@3.21.23
boost-uninstall,pkg:generic/boost-uninstall@1.87.0
lapack,pkg:generic/lapack
libopenmpt,pkg:generic/libopenmpt@0.7.13
qtserialbus,pkg:generic/qtserialbus@6.8.2
libsvm,pkg:generic/libsvm@3.35
hdf5,pkg:generic/hdf5@1.14.4.3
boost-process,pkg:generic/boost-process@1.87.0
libnice-gst,pkg:generic/libnice-gst@0.1.22
libmount,pkg:generic/libmount@2.40
graaf,pkg:generic/graaf@1.1.1
bento4,pkg:generic/bento4@1.6.0-641
opencolorio,pkg:generic/opencolorio
safeint,pkg:generic/safeint@3.0.28
boost-unordered,pkg:generic/boost-unordered@1.87.0
boost-phoenix,pkg:generic/boost-phoenix@1.87.0
pcl,pkg:generic/pcl@1.15.0
continuable,pkg:generic/continuable@4.2.2
liblinear,pkg:generic/liblinear@243
tomsolver,pkg:generic/tomsolver@1.0.1
libxau,pkg:generic/libxau@1.0.9
libimobiledevice,pkg:generic/libimobiledevice
zpp-bits,pkg:generic/zpp-bits@4.5
gmp,pkg:generic/gmp@6.3.0
psimd,pkg:generic/psimd
directxtk12,pkg:generic/directxtk12
eventpp,pkg:generic/eventpp
h3,pkg:generic/h3
gexiv2,pkg:generic/gexiv2@0.14.3
ableton-link,pkg:generic/ableton-link@3.1.2
cutelyst2,pkg:generic/cutelyst2@2.12.0
boost-odeint,pkg:generic/boost-odeint@1.87.0
easyexif,pkg:generic/easyexif
boost-random,pkg:generic/boost-random@1.87.0
clipp,pkg:generic/clipp
yasm-tool-helper,pkg:generic/yasm-tool-helper
libproxy,pkg:generic/libproxy@0.4.18
vulkan-memory-allocator-hpp,pkg:generic/vulkan-memory-allocator-hpp@3.1.0
tinkerforge,pkg:generic/tinkerforge@2.1.25
azure-storage-blobs-cpp,pkg:generic/azure-storage-blobs-cpp
freeglut,pkg:generic/freeglut@3.6.0
vcpkg-make,pkg:generic/vcpkg-make
giflib,pkg:generic/giflib@5.2.2
aliyun-oss-c-sdk,pkg:generic/aliyun-oss-c-sdk@3.11.2
rtmidi,pkg:generic/rtmidi@6.0.0
sqlitecpp,pkg:generic/sqlitecpp@3.3.2
physx,pkg:generic/physx@5.5.0
wt,pkg:generic/wt@4.11.3
libx11,pkg:generic/libx11@1.8.1
libxmu,pkg:generic/libxmu@1.1.3
ecal,pkg:generic/ecal
boost-static-string,pkg:generic/boost-static-string@1.87.0
kf5iconthemes,pkg:generic/kf5iconthemes@5.98.0
unixodbc,pkg:generic/unixodbc@2.3.11
proxsuite,pkg:generic/proxsuite@0.6.7
spdk-isal,pkg:generic/spdk-isal
cpprestsdk,pkg:generic/cpprestsdk@2.10.19
gtl,pkg:generic/gtl@1.2.0
ms-gltf,pkg:generic/ms-gltf
kdsingleapplication,pkg:generic/kdsingleapplication@1.1.0
daxa,pkg:generic/daxa@3.0.3
libvault,pkg:generic/libvault@0.61.0
sltbench,pkg:generic/sltbench@2.4.0
libqtrest,pkg:generic/libqtrest@0.4.0
alsa,pkg:generic/alsa@1.2.13
fastio,pkg:generic/fastio
boost-function,pkg:generic/boost-function@1.87.0
paho-mqttpp3,pkg:generic/paho-mqttpp3@1.5.0
flann,pkg:generic/flann
oatpp-sqlite,pkg:generic/oatpp-sqlite@1.3.0
boost-config,pkg:generic/boost-config@1.87.0
msh3,pkg:generic/msh3@0.8.0
ideviceinstaller,pkg:generic/ideviceinstaller
msix,pkg:generic/msix@1.7
apriltag,pkg:generic/apriltag@3.4.3
qtdoc,pkg:generic/qtdoc@6.8.2
libp7client,pkg:generic/libp7client@5.6
azure-data-tables-cpp,pkg:generic/azure-data-tables-cpp
decimal-for-cpp,pkg:generic/decimal-for-cpp@1.18
spine-runtimes,pkg:generic/spine-runtimes@4.1.0
pagmo2,pkg:generic/pagmo2@2.19.1
suitesparse-umfpack,pkg:generic/suitesparse-umfpack
kf5i18n,pkg:generic/kf5i18n@5.98.0
qlementine,pkg:generic/qlementine@1.1.2
kdreports,pkg:generic/kdreports@2.3.0
reflectcpp,pkg:generic/reflectcpp@0.18.0
dlpack,pkg:generic/dlpack@1.0
rsocket,pkg:generic/rsocket
minitrace,pkg:generic/minitrace
webui,pkg:generic/webui@2.4.2
libqrencode,pkg:generic/libqrencode
licensepp,pkg:generic/licensepp
qt5-serialport,pkg:generic/qt5-serialport@5.15.16
kubazip,pkg:generic/kubazip@0.3.3
cppzmq,pkg:generic/cppzmq@4.10.0
qt5-remoteobjects,pkg:generic/qt5-remoteobjects@5.15.16
libzippp,pkg:generic/libzippp@7.1-1.10.1
tinyspline,pkg:generic/tinyspline@0.6.0
qt5-gamepad,pkg:generic/qt5-gamepad@5.15.16
coroutine,pkg:generic/coroutine@1.5.0
gcem,pkg:generic/gcem@1.18.0
libxfixes,pkg:generic/libxfixes@6.0.0
ankurvdev-embedresource,pkg:generic/ankurvdev-embedresource@0.0.12
vcpkg-pkgconfig-get-modules,pkg:generic/vcpkg-pkgconfig-get-modules
sciplot,pkg:generic/sciplot@0.3.1
etl,pkg:generic/etl@20.40.0
zlib,pkg:generic/zlib@1.3.1
gz-transport,pkg:generic/gz-transport@14.0.0
gamma,pkg:generic/gamma
ring-span-lite,pkg:generic/ring-span-lite@0.7.0
qca,pkg:generic/qca@2.3.7
spaceland,pkg:generic/spaceland@7.8.2
libilbc,pkg:generic/libilbc@3.0.4
zkpp,pkg:generic/zkpp@0.2.3
qtimageformats,pkg:generic/qtimageformats@6.8.2
libmodman,pkg:generic/libmodman@2.0.1
clickhouse-cpp,pkg:generic/clickhouse-cpp@2.5.1
transwarp,pkg:generic/transwarp@2.2.3
plibsys,pkg:generic/plibsys@0.0.5
boost-coroutine,pkg:generic/boost-coroutine@1.87.0
plasma-wayland-protocols,pkg:generic/plasma-wayland-protocols@1.14.0
guile,pkg:generic/guile@3.0.10
clue,pkg:generic/clue@1.0.0
boost-hof,pkg:generic/boost-hof@1.87.0
libpng,pkg:generic/libpng@1.6.46
libcbor,pkg:generic/libcbor@0.11.0
suitesparse-camd,pkg:generic/suitesparse-camd
qttools,pkg:generic/qttools@6.8.2
cpuinfo,pkg:generic/cpuinfo
ogdf,pkg:generic/ogdf
anari,pkg:generic/anari@0.13.1
libtcod,pkg:generic/libtcod@1.24.0
corrade,pkg:generic/corrade
xproto,pkg:generic/xproto@2021.5
yoga,pkg:generic/yoga@3.2.1
gz-transport12,pkg:generic/gz-transport12@12.2.1
cereal,pkg:generic/cereal@1.3.2
implot,pkg:generic/implot@0.16
ecm,pkg:generic/ecm@6.7.0
vsgimgui,pkg:generic/vsgimgui@0.3.0
tinyorm,pkg:generic/tinyorm
shiftmedia-libgnutls,pkg:generic/shiftmedia-libgnutls@3.8.7
salome-medcoupling,pkg:generic/salome-medcoupling@9.10.0
scottt-debugbreak,pkg:generic/scottt-debugbreak@1.0
getdns,pkg:generic/getdns@1.7.3
vtk-m,pkg:generic/vtk-m@2.1.0
libcurl-simple-https,pkg:generic/libcurl-simple-https
qmex,pkg:generic/qmex
tl-expected,pkg:generic/tl-expected@1.1.0
suitesparse-ldl,pkg:generic/suitesparse-ldl
ltla-powerit,pkg:generic/ltla-powerit
minisat-master-keying,pkg:generic/minisat-master-keying@2.3.6
seacas,pkg:generic/seacas
d3dx12,pkg:generic/d3dx12
mdns,pkg:generic/mdns@1.4.3
eigen3,pkg:generic/eigen3@3.4.0
gz-msgs9,pkg:generic/gz-msgs9@9.5.0
discord-game-sdk,pkg:generic/discord-game-sdk@3.2.1
libtar,pkg:generic/libtar@1.2.20
libmicrohttpd,pkg:generic/libmicrohttpd@1.0.1
duckdb,pkg:generic/duckdb@1.2.1
libmariadb,pkg:generic/libmariadb
cello,pkg:generic/cello
libu2f-server,pkg:generic/libu2f-server@1.1.0
onednn,pkg:generic/onednn@3.7
morton-nd,pkg:generic/morton-nd@4.0.0
sfml,pkg:generic/sfml@3.0.0
bext-sml,pkg:generic/bext-sml@1.1.11
cmark,pkg:generic/cmark
elfutils,pkg:generic/elfutils@0.192
simpleini,pkg:generic/simpleini@4.22
libfabric,pkg:generic/libfabric
date,pkg:generic/date@3.0.3
vladimirshaleev-ipaddress,pkg:generic/vladimirshaleev-ipaddress@1.1.0
status-value-lite,pkg:generic/status-value-lite@1.1.0
paho-mqtt,pkg:generic/paho-mqtt@1.3.14
polymorphic-value,pkg:generic/polymorphic-value@1.3.0
cnats,pkg:generic/cnats@3.10.1
coinutils,pkg:generic/coinutils
nghttp3,pkg:generic/nghttp3@1.8.0
suitesparse-klu,pkg:generic/suitesparse-klu
thomasmonkman-filewatch,pkg:generic/thomasmonkman-filewatch
discord-rpc,pkg:generic/discord-rpc@3.4.0
openvino,pkg:generic/openvino@2025.0.0
tinydir,pkg:generic/tinydir@1.2.6
gmime,pkg:generic/gmime@3.2.15
cpptrace,pkg:generic/cpptrace@0.8.1
kfr,pkg:generic/kfr
gsoap,pkg:generic/gsoap@2.8.112
ruckig,pkg:generic/ruckig@0.14.0
cocoyaxi,pkg:generic/cocoyaxi
boost-safe-numerics,pkg:generic/boost-safe-numerics@1.87.0
xsimd,pkg:generic/xsimd@13.1.0
qt5-serialbus,pkg:generic/qt5-serialbus@5.15.16
kubernetes,pkg:generic/kubernetes@0.6.0
cpp-taskflow,pkg:generic/cpp-taskflow@2.6.0
plf-list,pkg:generic/plf-list
poselib,pkg:generic/poselib@2.0.4
soundtouch,pkg:generic/soundtouch@2.3.3
safetyhook,pkg:generic/safetyhook
vincentlaucsb-csv-parser,pkg:generic/vincentlaucsb-csv-parser@2.3.0
berkeleydb,pkg:generic/berkeleydb@4.8.30
fltk,pkg:generic/fltk@1.3.11
flat,pkg:generic/flat
linmath,pkg:generic/linmath
plutovg,pkg:generic/plutovg@0.0.13
portable-file-dialogs,pkg:generic/portable-file-dialogs@0.1.0
opencascade,pkg:generic/opencascade@7.9.0
pqp,pkg:generic/pqp@1.3
v-hacd,pkg:generic/v-hacd@4.1.0
azure-security-attestation-cpp,pkg:generic/azure-security-attestation-cpp
boost-winapi,pkg:generic/boost-winapi@1.87.0
libsrtp,pkg:generic/libsrtp@2.5.0
cppdap,pkg:generic/cppdap
nlohmann-fifo-map,pkg:generic/nlohmann-fifo-map
wasmedge,pkg:generic/wasmedge@0.13.5
effects11,pkg:generic/effects11@11.29
boost-contract,pkg:generic/boost-contract@1.87.0
mhook,pkg:generic/mhook@2.5.1
proxy,pkg:generic/proxy@3.2.1
pocketpy,pkg:generic/pocketpy@1.4.6
ftxui,pkg:generic/ftxui
lensfun,pkg:generic/lensfun@0.3.4
manifold,pkg:generic/manifold@3.0.0
argtable2,pkg:generic/argtable2@2.13
stormlib,pkg:generic/stormlib@9.26
nana,pkg:generic/nana@1.7.4
qt5-script,pkg:generic/qt5-script@5.15.16
amd-amf,pkg:generic/amd-amf@1.4.36
libxcvt,pkg:generic/libxcvt@0.1.2
z85,pkg:generic/z85@1.0
chmlib,pkg:generic/chmlib@0.40
rapidxml-ns,pkg:generic/rapidxml-ns@1.13.2
mathgl,pkg:generic/mathgl@8.0.1
jemalloc,pkg:generic/jemalloc@5.3.0
parquet,pkg:generic/parquet@0
libopnmidi,pkg:generic/libopnmidi@1.5.1
tinycthread,pkg:generic/tinycthread
qtdeclarative,pkg:generic/qtdeclarative@6.8.2
cxxopts,pkg:generic/cxxopts
arb,pkg:generic/arb@2.21.1
openni2,pkg:generic/openni2@2.2.0.33
gli,pkg:generic/gli
libirecovery,pkg:generic/libirecovery
spatialite-tools,pkg:generic/spatialite-tools@5.1.0-a
coin-or-cgl,pkg:generic/coin-or-cgl
libsersi,pkg:generic/libsersi@0.1.0
mnn,pkg:generic/mnn@1.1.0
bluescarni-tanuki,pkg:generic/bluescarni-tanuki
wabt,pkg:generic/wabt@1.0.36
spout2,pkg:generic/spout2
marchingcubecpp,pkg:generic/marchingcubecpp
boost-program-options,pkg:generic/boost-program-options@1.87.0
lionkor-commandline,pkg:generic/lionkor-commandline
libplist,pkg:generic/libplist
libodb,pkg:generic/libodb@2.4.0
font-chef,pkg:generic/font-chef@1.1.0
cgltf,pkg:generic/cgltf@1.14
freexl,pkg:generic/freexl@2.0.0
vili,pkg:generic/vili@1.0.0+20221123
glfw3,pkg:generic/glfw3@3.4
aws-c-auth,pkg:generic/aws-c-auth@0.8.0
crfsuite,pkg:generic/crfsuite
aws-c-http,pkg:generic/aws-c-http@0.9.2
flashlight-sequence,pkg:generic/flashlight-sequence@0.0.1
plf-nanotimer,pkg:generic/plf-nanotimer
lpeg,pkg:generic/lpeg@1.1.0
zimpl,pkg:generic/zimpl@3.6.1
qtremoteobjects,pkg:generic/qtremoteobjects@6.8.2
mapbox-polylabel,pkg:generic/mapbox-polylabel
sqlpp11-connector-mysql,pkg:generic/sqlpp11-connector-mysql@0.61
qtgraphs,pkg:generic/qtgraphs@6.8.2
nghttp2,pkg:generic/nghttp2@1.65.0
libtasn1,pkg:generic/libtasn1@4.19.0
vst3sdk,pkg:generic/vst3sdk
dylib,pkg:generic/dylib
krb5,pkg:generic/krb5@1.21.3
gamedev-framework,pkg:generic/gamedev-framework
tbb,pkg:generic/tbb@2022.0.0
libmspack,pkg:generic/libmspack@0.11
calceph,pkg:generic/calceph@4.0.4
cppunit,pkg:generic/cppunit@1.15.1
mcpp,pkg:generic/mcpp@2.7.2.14
libmad,pkg:generic/libmad@0.16.4
openfbx,pkg:generic/openfbx
libsoup,pkg:generic/libsoup@3.6.0
freeimage,pkg:generic/freeimage@3.18.0
utf8h,pkg:generic/utf8h
rsm-binary-io,pkg:generic/rsm-binary-io
zug,pkg:generic/zug
pfultz2-linq,pkg:generic/pfultz2-linq
gstreamer,pkg:generic/gstreamer@1.24.12
libbson,pkg:generic/libbson@1.30.1
libevent,pkg:generic/libevent@2.1.12+20230128
physfs,pkg:generic/physfs
miniply,pkg:generic/miniply
levmar,pkg:generic/levmar@2.6
mecab,pkg:generic/mecab
imath,pkg:generic/imath@3.1.12
ltla-cppkmeans,pkg:generic/ltla-cppkmeans
darts-clone,pkg:generic/darts-clone
pciids,pkg:generic/pciids
litehtml,pkg:generic/litehtml@0.9.0
presentmon,pkg:generic/presentmon
boost-beast,pkg:generic/boost-beast@1.87.0
asmtk,pkg:generic/asmtk
tdscpp,pkg:generic/tdscpp@20250301
kf5diagram,pkg:generic/kf5diagram@2.8.0
cyrus-sasl,pkg:generic/cyrus-sasl@2.1.28
libtomcrypt,pkg:generic/libtomcrypt@1.18.2
stringzilla,pkg:generic/stringzilla@3.12.3
nanort,pkg:generic/nanort
directx12-agility,pkg:generic/directx12-agility@1.615.0
sol2,pkg:generic/sol2@3.3.1
qt5-purchasing,pkg:generic/qt5-purchasing@5.15.16
poco,pkg:generic/poco@1.14.1
libsndfile,pkg:generic/libsndfile
libxdiff,pkg:generic/libxdiff@0.23
wordnet,pkg:generic/wordnet@3.0
phnt,pkg:generic/phnt
libwebm,pkg:generic/libwebm@1.0.0.31
hpx,pkg:generic/hpx@1.10.0
rang,pkg:generic/rang@3.2
tevclient,pkg:generic/tevclient
brunocodutra-metal,pkg:generic/brunocodutra-metal@2.1.4
gz-tools2,pkg:generic/gz-tools2@2.0.0
rhasheq,pkg:generic/rhasheq
capnproto,pkg:generic/capnproto@1.1.0
mpi,pkg:generic/mpi@1
stdexec,pkg:generic/stdexec
stackwalker,pkg:generic/stackwalker
node-api-headers,pkg:generic/node-api-headers@1.1.0
md4c,pkg:generic/md4c@0.5.2
tfhe,pkg:generic/tfhe
celero,pkg:generic/celero@2.9.0
boost-leaf,pkg:generic/boost-leaf@1.87.0
sparsepp,pkg:generic/sparsepp@1.22
boost-property-map-parallel,pkg:generic/boost-property-map-parallel@1.87.0
strtk,pkg:generic/strtk
cimg,pkg:generic/cimg@3.5.2
indicators,pkg:generic/indicators@2.3
cr,pkg:generic/cr
morphologica,pkg:generic/morphologica@3.4.4
opengl,pkg:generic/opengl
xtrans,pkg:generic/xtrans@1.4.0
igloo,pkg:generic/igloo@1.1.1
opengl-registry,pkg:generic/opengl-registry
vulkan,pkg:generic/vulkan
butteraugli,pkg:generic/butteraugli
cnl,pkg:generic/cnl@1.1.7
xbitmaps,pkg:generic/xbitmaps@1.1.2
libxcomposite,pkg:generic/libxcomposite@0.4.5
boost-array,pkg:generic/boost-array@1.87.0
libxscrnsaver,pkg:generic/libxscrnsaver@1.2.3
libebur128,pkg:generic/libebur128@1.2.6
boost-iostreams,pkg:generic/boost-iostreams@1.87.0
pdal-dimbuilder,pkg:generic/pdal-dimbuilder@2.8.4
python3,pkg:generic/python3@3.11.11
orc,pkg:generic/orc@2.1.0
enet,pkg:generic/enet@1.3.18
moos-essential,pkg:generic/moos-essential@10.0.1
cpr,pkg:generic/cpr
qcustomplot,pkg:generic/qcustomplot@2.1.1
dp-thread-pool,pkg:generic/dp-thread-pool@0.7.0
dyno,pkg:generic/dyno
soil2,pkg:generic/soil2@1.3.0
gmsh,pkg:generic/gmsh@4.13.1
libmem,pkg:generic/libmem@5.0.4
catch-classic,pkg:generic/catch-classic@1.12.2
speex,pkg:generic/speex@1.2.1
libodb-sqlite,pkg:generic/libodb-sqlite@2.4.0
sigslot,pkg:generic/sigslot@1.0.0
chromium-base,pkg:generic/chromium-base@86.0.4199.1
libdvdcss,pkg:generic/libdvdcss
gz-sensors,pkg:generic/gz-sensors@9.0.0
qt5-connectivity,pkg:generic/qt5-connectivity@5.15.16
ignition-modularscripts,pkg:generic/ignition-modularscripts
boost-icl,pkg:generic/boost-icl@1.87.0
gl3w,pkg:generic/gl3w
libcerf,pkg:generic/libcerf@2.4
vk-bootstrap,pkg:generic/vk-bootstrap@1.3.279
bcg729,pkg:generic/bcg729@1.1.1
qtquick3dphysics,pkg:generic/qtquick3dphysics@6.8.2
liblbfgs,pkg:generic/liblbfgs@1.10
thrift,pkg:generic/thrift@0.20.0
pravila00-make-vector,pkg:generic/pravila00-make-vector
pugixml,pkg:generic/pugixml@1.15
proxygen,pkg:generic/proxygen
ftgl,pkg:generic/ftgl@2.4.0
faad2,pkg:generic/faad2@2.11.1
boost-stl-interfaces,pkg:generic/boost-stl-interfaces@1.87.0
mapnik,pkg:generic/mapnik
matchit,pkg:generic/matchit@1.0.1
libuv,pkg:generic/libuv
libogg,pkg:generic/libogg@1.3.5
boost-mpl,pkg:generic/boost-mpl@1.87.0
qt5-sensors,pkg:generic/qt5-sensors@5.15.16
sokol,pkg:generic/sokol
gz-gui,pkg:generic/gz-gui@9.0.0
libcroco,pkg:generic/libcroco@0.6.13
xtl,pkg:generic/xtl@0.7.7
angelscript,pkg:generic/angelscript@2.37.0
asio,pkg:generic/asio@1.32.0
grantlee,pkg:generic/grantlee@5.3.1
beast,pkg:generic/beast@0
utf8-range,pkg:generic/utf8-range@5.29.3
libunwind,pkg:generic/libunwind@1.8.1
ptc-print,pkg:generic/ptc-print@1.4.1
rioki-glow,pkg:generic/rioki-glow
boost-units,pkg:generic/boost-units@1.87.0
openmesh,pkg:generic/openmesh@10.0
boost-ratio,pkg:generic/boost-ratio@1.87.0
tinytiff,pkg:generic/tinytiff@4.0.1.0
boolinq,pkg:generic/boolinq@3.0.4
ctp,pkg:generic/ctp
offscale-libetcd-cpp,pkg:generic/offscale-libetcd-cpp
ctbignum,pkg:generic/ctbignum
mstch,pkg:generic/mstch@1.0.2
angle,pkg:generic/angle
perfetto,pkg:generic/perfetto@49.0
oatpp-postgresql,pkg:generic/oatpp-postgresql@1.3.0
pdcurses,pkg:generic/pdcurses@3.9
xorstr,pkg:generic/xorstr
tinyfsm,pkg:generic/tinyfsm@0.3.3
breakpad,pkg:generic/breakpad
boost-build,pkg:generic/boost-build@1.87.0
itsy-bitsy,pkg:generic/itsy-bitsy
boost-locale,pkg:generic/boost-locale@1.87.0
miniupnpc,pkg:generic/miniupnpc@2.3.0
daw-utf-range,pkg:generic/daw-utf-range@2.2.5
geotrans,pkg:generic/geotrans@3.9
septag-sx,pkg:generic/septag-sx
p-ranav-csv2,pkg:generic/p-ranav-csv2
boost-bimap,pkg:generic/boost-bimap@1.87.0
qt5-speech,pkg:generic/qt5-speech@5.15.16
mygui,pkg:generic/mygui@3.4.3
inipp,pkg:generic/inipp@1.0.12
boost-lambda,pkg:generic/boost-lambda@1.87.0
vcglib,pkg:generic/vcglib@2023.12
libe57format,pkg:generic/libe57format@3.2.0
ryu,pkg:generic/ryu@2.0
arpack-ng,pkg:generic/arpack-ng@3.9.1
clrng,pkg:generic/clrng
libadwaita,pkg:generic/libadwaita@1.3.2
qtspeech,pkg:generic/qtspeech@6.8.2
directxmath,pkg:generic/directxmath
ade,pkg:generic/ade
flux,pkg:generic/flux@0.4.0
c9y,pkg:generic/c9y
bw-tempdir,pkg:generic/bw-tempdir@1.0.1
lightningscanner,pkg:generic/lightningscanner@1.0.1
boost-log,pkg:generic/boost-log@1.87.0
gst-rtsp-server,pkg:generic/gst-rtsp-server@1.20.5
amqpcpp,pkg:generic/amqpcpp@4.3.27
saucer,pkg:generic/saucer@2.3.0
sdl3-image,pkg:generic/sdl3-image@3.2.4
protobuf,pkg:generic/protobuf@5.29.3
qtlanguageserver,pkg:generic/qtlanguageserver@6.8.2
metis,pkg:generic/metis
healpix,pkg:generic/healpix@1.12.10
rlottie,pkg:generic/rlottie
ltla-cppirlba,pkg:generic/ltla-cppirlba
qt5-wayland,pkg:generic/qt5-wayland@5.15.16
libpq,pkg:generic/libpq@16.4
tmx,pkg:generic/tmx@1.10.0
icu,pkg:generic/icu@74.2
parmetis,pkg:generic/parmetis
libcap,pkg:generic/libcap@2.73
binlog,pkg:generic/binlog
devil,pkg:generic/devil@1.8.0
halide,pkg:generic/halide@18.0.0
leptonica,pkg:generic/leptonica@1.85.0
iowa-hills-dsp,pkg:generic/iowa-hills-dsp@0.1.0
libnice,pkg:generic/libnice@0.1.22
fruit,pkg:generic/fruit@3.7.1
gloo,pkg:generic/gloo@20240626
aws-c-common,pkg:generic/aws-c-common@0.10.6
qt5compat,pkg:generic/qt5compat@6.8.2
aws-crt-cpp,pkg:generic/aws-crt-cpp@0.29.7
qwt,pkg:generic/qwt@6.3.0
boost-preprocessor,pkg:generic/boost-preprocessor@1.87.0
squirrel,pkg:generic/squirrel
rapidcsv,pkg:generic/rapidcsv@8.84
sqlpp11-connector-sqlite3,pkg:generic/sqlpp11-connector-sqlite3@0.61
fastlz,pkg:generic/fastlz
bde,pkg:generic/bde@4.18.0.0
projectm,pkg:generic/projectm@4.1.4
aravis,pkg:generic/aravis@0.8.34
boost-convert,pkg:generic/boost-convert@1.87.0
ismrmrd,pkg:generic/ismrmrd@1.14.1
cpp-async,pkg:generic/cpp-async@1.1.0
boost-throw-exception,pkg:generic/boost-throw-exception@1.87.0
simple-fft,pkg:generic/simple-fft
coin,pkg:generic/coin@4.0.3
xbyak,pkg:generic/xbyak@7.24.2
recastnavigation,pkg:generic/recastnavigation@1.6.0
eathread,pkg:generic/eathread
qtcharts,pkg:generic/qtcharts@6.8.2
nethost,pkg:generic/nethost@8.0.3
elements,pkg:generic/elements
shapelib,pkg:generic/shapelib@1.6.1
minizip,pkg:generic/minizip@1.3.1
libsamplerate,pkg:generic/libsamplerate@0.2.2
tclap,pkg:generic/tclap@1.2.5
kdsoap,pkg:generic/kdsoap@2.2.0
realm-core,pkg:generic/realm-core@14.10.4
small-gicp,pkg:generic/small-gicp@1.0.0
gz-tools,pkg:generic/gz-tools@2.0.1
immer,pkg:generic/immer@0.8.1
mozjpeg,pkg:generic/mozjpeg@4.1.5
bxzstr,pkg:generic/bxzstr@1.2.2
freealut,pkg:generic/freealut@1.1.0
randomstr,pkg:generic/randomstr
libsrt,pkg:generic/libsrt@1.5.4
mapbox-wagyu,pkg:generic/mapbox-wagyu
wintoast,pkg:generic/wintoast@1.3.0
s2geometry,pkg:generic/s2geometry@0.11.1
cunit,pkg:generic/cunit@2.1.3
openigtlink,pkg:generic/openigtlink@3.0
fann,pkg:generic/fann
ltla-umappp,pkg:generic/ltla-umappp
vcpkg-cmake-get-vars,pkg:generic/vcpkg-cmake-get-vars
darknet,pkg:generic/darknet
qtdeviceutilities,pkg:generic/qtdeviceutilities@6.8.2
protopuf,pkg:generic/protopuf@3.0.0
ls-qpack,pkg:generic/ls-qpack@2.6.0
pango,pkg:generic/pango@1.56.1
evpp,pkg:generic/evpp@0.7.0
talib,pkg:generic/talib
gettimeofday,pkg:generic/gettimeofday
mathter,pkg:generic/mathter@2.0.0
mqtt-cpp,pkg:generic/mqtt-cpp
bext-text,pkg:generic/bext-text
foonathan-lexy,pkg:generic/foonathan-lexy@2022.12.1
boost-functional,pkg:generic/boost-functional@1.87.0
libffi,pkg:generic/libffi@3.4.7
mosquitto,pkg:generic/mosquitto@2.0.20
x86-simd-sort,pkg:generic/x86-simd-sort@5.0
readline,pkg:generic/readline@0
ensmallen,pkg:generic/ensmallen
ned14-internal-quickcpplib,pkg:generic/ned14-internal-quickcpplib
qhull,pkg:generic/qhull@8.0.2
boost-context,pkg:generic/boost-context@1.87.0
atomic-queue,pkg:generic/atomic-queue@1.6.5
libarchive,pkg:generic/libarchive@3.7.7
boost-logic,pkg:generic/boost-logic@1.87.0
skyr-url,pkg:generic/skyr-url@1.13.0
ereignis,pkg:generic/ereignis@2.3
soem,pkg:generic/soem
imageinfo,pkg:generic/imageinfo
cgal,pkg:generic/cgal@6.0.1
bgfx,pkg:generic/bgfx@1.129.8866-491
visit-struct,pkg:generic/visit-struct@1.1.0
hidapi,pkg:generic/hidapi
xpack,pkg:generic/xpack@1.0.5
reproc,pkg:generic/reproc@14.2.5
mongoose,pkg:generic/mongoose@7.17
nanomsg,pkg:generic/nanomsg
materialx,pkg:generic/materialx@1.39.1
daw-header-libraries,pkg:generic/daw-header-libraries@2.123.2
optimus-cpp,pkg:generic/optimus-cpp@0.3.0
indirect-value,pkg:generic/indirect-value
sqlite3,pkg:generic/sqlite3@3.49.1
freetype-gl,pkg:generic/freetype-gl@1.0
type-safe,pkg:generic/type-safe@0.2.4
argon2,pkg:generic/argon2@20190702
simage,pkg:generic/simage
libxpm,pkg:generic/libxpm@3.5.17
dpdk,pkg:generic/dpdk
arrow-adbc,pkg:generic/arrow-adbc@16
fineftp,pkg:generic/fineftp@1.3.4
suitesparse,pkg:generic/suitesparse
qt5-networkauth,pkg:generic/qt5-networkauth@5.15.16
unrar,pkg:generic/unrar@7.0.7
cwapi3d,pkg:generic/cwapi3d@30.475.1
dingo,pkg:generic/dingo@0.1.0
tgc,pkg:generic/tgc
dumb,pkg:generic/dumb@2.0.3
toml11,pkg:generic/toml11@4.3.0
kf5texteditor,pkg:generic/kf5texteditor@5.98.0
qt5-quickcontrols2,pkg:generic/qt5-quickcontrols2@5.15.16
ashes,pkg:generic/ashes
box2d,pkg:generic/box2d
libdatachannel,pkg:generic/libdatachannel
jaeger-client-cpp,pkg:generic/jaeger-client-cpp
detours,pkg:generic/detours@4.0.1
vulkan-validationlayers,pkg:generic/vulkan-validationlayers@1.4.304.1
wildcards,pkg:generic/wildcards@1.4.0
superlu,pkg:generic/superlu@7.0.0
python2,pkg:generic/python2@2.7.18
libgo,pkg:generic/libgo@3.1
tacopie,pkg:generic/tacopie@3.2.0
riffcpp,pkg:generic/riffcpp@2.2.4
soci,pkg:generic/soci@4.0.3
libpopt,pkg:generic/libpopt@1.16
popsift,pkg:generic/popsift@0.9
open62541pp,pkg:generic/open62541pp@0.17.0
plog,pkg:generic/plog@1.1.10
gobject-introspection,pkg:generic/gobject-introspection@1.72.0
cccapstone,pkg:generic/cccapstone
boost-dll,pkg:generic/boost-dll@1.87.0
nngpp,pkg:generic/nngpp@1.3.0
qt,pkg:generic/qt@6.8.2
xproperty,pkg:generic/xproperty@0.8.1
aws-c-io,pkg:generic/aws-c-io@0.15.3
magma,pkg:generic/magma@2.8.0
libsoundio,pkg:generic/libsoundio@2.0.0
sail,pkg:generic/sail
plf-hive,pkg:generic/plf-hive
argumentum,pkg:generic/argumentum@0.3.2
libcanberra,pkg:generic/libcanberra@0.30
libsquish,pkg:generic/libsquish@1.15
zstd,pkg:generic/zstd@1.5.7
folly,pkg:generic/folly
libssh2,pkg:generic/libssh2@1.11.1
czmq,pkg:generic/czmq
libxi,pkg:generic/libxi@1.8
simbody,pkg:generic/simbody
nativefiledialog-extended,pkg:generic/nativefiledialog-extended@1.2.1
suitesparse-spqr,pkg:generic/suitesparse-spqr
luau,pkg:generic/luau@0.665
rsig,pkg:generic/rsig
scintilla,pkg:generic/scintilla@5.5.1
asmjit,pkg:generic/asmjit
distorm,pkg:generic/distorm
kf5guiaddons,pkg:generic/kf5guiaddons@5.98.0
qt-advanced-docking-system,pkg:generic/qt-advanced-docking-system@4.4.0
unicorn,pkg:generic/unicorn@2.1.1
imguizmo,pkg:generic/imguizmo
uvw,pkg:generic/uvw@3.2.0
redis-plus-plus,pkg:generic/redis-plus-plus
glog,pkg:generic/glog@0.7.1
libmesh,pkg:generic/libmesh@1.5.0
flint,pkg:generic/flint
vcpkg-tool-gyp-next,pkg:generic/vcpkg-tool-gyp-next
libsonic,pkg:generic/libsonic@0.2.0
sockpp,pkg:generic/sockpp@1.0.0
tiff,pkg:generic/tiff@4.7.0
openvr,pkg:generic/openvr@2.5.1
libftdi,pkg:generic/libftdi@0.20
minio-cpp,pkg:generic/minio-cpp@0.3.0
libdatrie,pkg:generic/libdatrie@0.2.13
boost-outcome,pkg:generic/boost-outcome@1.87.0
jwt-cpp,pkg:generic/jwt-cpp
qtsvg,pkg:generic/qtsvg@6.8.2
graphene,pkg:generic/graphene@1.10.8
kerbal,pkg:generic/kerbal@2024.11.1
libxml2,pkg:generic/libxml2@2.13.5
nlopt,pkg:generic/nlopt@2.10.0
hedley,pkg:generic/hedley@15
pcre,pkg:generic/pcre@8.45
soxr,pkg:generic/soxr@0.1.3
kf5globalaccel,pkg:generic/kf5globalaccel@5.98.0
boost-numeric-conversion,pkg:generic/boost-numeric-conversion@1.87.0
vectorclass,pkg:generic/vectorclass
libmediainfo,pkg:generic/libmediainfo@24.12
mapbox-geojson-vt-cpp,pkg:generic/mapbox-geojson-vt-cpp
termcolor,pkg:generic/termcolor@2.1.0
cppwinrt,pkg:generic/cppwinrt@2.0.240405.15
ogre-next,pkg:generic/ogre-next@2.3.3
boost-charconv,pkg:generic/boost-charconv@1.87.0
portsmf,pkg:generic/portsmf@239
gtk3,pkg:generic/gtk3@3.24.43
any-lite,pkg:generic/any-lite
alac-decoder,pkg:generic/alac-decoder@0.2
qtwebview,pkg:generic/qtwebview@6.8.2
catch2,pkg:generic/catch2
json5-parser,pkg:generic/json5-parser@1.0.0
qt5-tools,pkg:generic/qt5-tools@5.15.16
tap-windows6,pkg:generic/tap-windows6@9.21.2-0e30f5c
civetweb,pkg:generic/civetweb@1.16
libofx,pkg:generic/libofx@0.10.9
bullet3,pkg:generic/bullet3@3.25
treehh,pkg:generic/treehh@3.18
marl,pkg:generic/marl
gdk-pixbuf,pkg:generic/gdk-pixbuf@2.42.12
opencensus-cpp,pkg:generic/opencensus-cpp
libgme,pkg:generic/libgme@0.6.3
boost-utility,pkg:generic/boost-utility@1.87.0
azure-identity-cpp,pkg:generic/azure-identity-cpp
coin-or-ipopt,pkg:generic/coin-or-ipopt
spectra,pkg:generic/spectra@1.0.1
scope-guard,pkg:generic/scope-guard
vcpkg-gn,pkg:generic/vcpkg-gn
suitesparse-lagraph,pkg:generic/suitesparse-lagraph
antlr4,pkg:generic/antlr4@4.13.2
concurrencpp,pkg:generic/concurrencpp@0.1.7
vcpkg-get-python-packages,pkg:generic/vcpkg-get-python-packages
yato,pkg:generic/yato
boost-type-traits,pkg:generic/boost-type-traits@1.87.0
libdc1394,pkg:generic/libdc1394@2.2.7
sdl2pp,pkg:generic/sdl2pp@0.16.1
xtensor-blas,pkg:generic/xtensor-blas@0.21.0
boost-tokenizer,pkg:generic/boost-tokenizer@1.87.0
ms-gdk,pkg:generic/ms-gdk@2410.1.1897
recycle,pkg:generic/recycle@7.0.0
unicorn-lib,pkg:generic/unicorn-lib
speexdsp,pkg:generic/speexdsp@1.2.1
gl2ps,pkg:generic/gl2ps@1.4.2
mpark-variant,pkg:generic/mpark-variant@1.4.0
boost-mp11,pkg:generic/boost-mp11@1.87.0
lua-compat53,pkg:generic/lua-compat53@0.10
libtracepoint,pkg:generic/libtracepoint@1.4.0
constexpr-contracts,pkg:generic/constexpr-contracts
doctest,pkg:generic/doctest@2.4.11
fastgltf,pkg:generic/fastgltf@0.8.0
oatpp-mbedtls,pkg:generic/oatpp-mbedtls@1.3.0
idyntree,pkg:generic/idyntree@12.4.0
libass,pkg:generic/libass@0.17.3
selene,pkg:generic/selene@0.3.1
josuttis-jthread,pkg:generic/josuttis-jthread
cpuid,pkg:generic/cpuid@0.7.0
pthread,pkg:generic/pthread@3.0.0
winsock2,pkg:generic/winsock2@0.0
ijg-libjpeg,pkg:generic/ijg-libjpeg
spdk-dpdk,pkg:generic/spdk-dpdk
fluidlite,pkg:generic/fluidlite
qt5-canvas3d,pkg:generic/qt5-canvas3d@0
libusbp,pkg:generic/libusbp@1.3.1
vcpkg-msbuild,pkg:generic/vcpkg-msbuild
hyperscan,pkg:generic/hyperscan@5.4.2
flashlight-cpu,pkg:generic/flashlight-cpu@0.3
shaderwriter,pkg:generic/shaderwriter@2.7.0
marble,pkg:generic/marble
rappture,pkg:generic/rappture@1.9
glibmm,pkg:generic/glibmm@2.80.1
xframe,pkg:generic/xframe@0.3.0
boost-tti,pkg:generic/boost-tti@1.87.0
sqlcipher,pkg:generic/sqlcipher@4.6.1
boost-move,pkg:generic/boost-move@1.87.0
cpptoml,pkg:generic/cpptoml@0.1.1
enkits,pkg:generic/enkits@1.11
tinyexif,pkg:generic/tinyexif@1.0.3
openxr-loader,pkg:generic/openxr-loader@1.1.45
boost-smart-ptr,pkg:generic/boost-smart-ptr@1.87.0
boost-function-types,pkg:generic/boost-function-types@1.87.0
nng,pkg:generic/nng
hfsm2,pkg:generic/hfsm2@1.10.1
numactl,pkg:generic/numactl@2.0.18
usrsctp,pkg:generic/usrsctp@0.9.5.0
oatpp,pkg:generic/oatpp@1.3.0
qt5-doc,pkg:generic/qt5-doc@5.15.16
upa-url,pkg:generic/upa-url@1.1.0
gsl-lite,pkg:generic/gsl-lite@0.42.0
activemq-cpp,pkg:generic/activemq-cpp
nvtt,pkg:generic/nvtt@2.1.2
tomlplusplus,pkg:generic/tomlplusplus@3.4.0
7zip,pkg:generic/7zip
boost-circular-buffer,pkg:generic/boost-circular-buffer@1.87.0
libxv,pkg:generic/libxv@1.0.11
minizip-ng,pkg:generic/minizip-ng@4.0.8
llvm,pkg:generic/llvm@18.1.6
libtheora,pkg:generic/libtheora
ois,pkg:generic/ois@1.5.1
boost-static-assert,pkg:generic/boost-static-assert@1.87.0
correlation-vector-cpp,pkg:generic/correlation-vector-cpp@1.0
libical,pkg:generic/libical@3.0.19
pthreadpool,pkg:generic/pthreadpool
boost-flyweight,pkg:generic/boost-flyweight@1.87.0
cppcms,pkg:generic/cppcms@1.2.1
log4cpp-log4cpp,pkg:generic/log4cpp-log4cpp@1.1.4
pffft,pkg:generic/pffft
sciter,pkg:generic/sciter@0
tensorflow,pkg:generic/tensorflow
fftw3,pkg:generic/fftw3@3.3.10
boost-spirit,pkg:generic/boost-spirit@1.87.0
srpc,pkg:generic/srpc
swenson-sort,pkg:generic/swenson-sort
bsio,pkg:generic/bsio@1.0.0
qt5-declarative,pkg:generic/qt5-declarative@5.15.16
godot-cpp,pkg:generic/godot-cpp@4.3
pulzed-mini,pkg:generic/pulzed-mini@0.9.14
curlpp,pkg:generic/curlpp
atl,pkg:generic/atl@0
cppitertools,pkg:generic/cppitertools@2.2
lunasvg,pkg:generic/lunasvg@3.2.1
zziplib,pkg:generic/zziplib@0.13.78
chakracore,pkg:generic/chakracore
libgnutls,pkg:generic/libgnutls@3.8.7.1
libxext,pkg:generic/libxext@1.3.4
kf5kio,pkg:generic/kf5kio@5.98.0
highs,pkg:generic/highs@1.9.0
openh264,pkg:generic/openh264@2.6.0
opencv4,pkg:generic/opencv4@4.10.0
winpty,pkg:generic/winpty@0.4.3
tensorpipe,pkg:generic/tensorpipe
gumbo,pkg:generic/gumbo@0.12.3
nanodbc,pkg:generic/nanodbc@2.13.0
gzip-hpp,pkg:generic/gzip-hpp@0.1.0
embree3,pkg:generic/embree3@3.13.5
libwebp,pkg:generic/libwebp@1.5.0
clara,pkg:generic/clara@1.1.5
suitesparse-cxsparse,pkg:generic/suitesparse-cxsparse
dav1d,pkg:generic/dav1d@1.5.0
nettle,pkg:generic/nettle@3.10
ncurses,pkg:generic/ncurses@6.4
rtaudio,pkg:generic/rtaudio@6.0.1
magnum-plugins,pkg:generic/magnum-plugins
open-dis-cpp,pkg:generic/open-dis-cpp@1.0.1
boost-scope,pkg:generic/boost-scope@1.87.0
igraph,pkg:generic/igraph@0.10.15
mpc,pkg:generic/mpc@1.3.1
libxlsxwriter,pkg:generic/libxlsxwriter@1.2.1
omniorb,pkg:generic/omniorb@4.3.0
azure-umqtt-c,pkg:generic/azure-umqtt-c
wpilib,pkg:generic/wpilib
cppcodec,pkg:generic/cppcodec@0.2
nanoprintf,pkg:generic/nanoprintf@0.5.3
nifticlib,pkg:generic/nifticlib
azure-security-keyvault-administration-cpp,pkg:generic/azure-security-keyvault-administration-cpp
crashrpt,pkg:generic/crashrpt@1.4.3
libharu,pkg:generic/libharu@2.4.4
boost-gil,pkg:generic/boost-gil@1.87.0
gz-cmake,pkg:generic/gz-cmake@4.1.1
meshoptimizer,pkg:generic/meshoptimizer@0.23
opencl,pkg:generic/opencl@2024.10.24
implot3d,pkg:generic/implot3d@0.2
boost-qvm,pkg:generic/boost-qvm@1.87.0
dbghelp,pkg:generic/dbghelp@0
libcrafter,pkg:generic/libcrafter@1.0
libxtst,pkg:generic/libxtst@1.2.4
apache-datasketches,pkg:generic/apache-datasketches@5.1.0
amd-adl-sdk,pkg:generic/amd-adl-sdk@17.1
clblas,pkg:generic/clblas@2.12
systemc,pkg:generic/systemc@2.3.3
boost-sort,pkg:generic/boost-sort@1.87.0
libosip2,pkg:generic/libosip2@5.3.1
kenlm,pkg:generic/kenlm@20230531
boost-compat,pkg:generic/boost-compat@1.87.0
argh,pkg:generic/argh@1.3.2
gz-rendering7,pkg:generic/gz-rendering7@7.4.1
inja,pkg:generic/inja@3.4.0
dataframe,pkg:generic/dataframe@3.4.0
freerdp,pkg:generic/freerdp@3.8.0
docopt,pkg:generic/docopt
inih,pkg:generic/inih@58
openvpn3,pkg:generic/openvpn3@3.10
blitz,pkg:generic/blitz
lief,pkg:generic/lief
kf5sonnet,pkg:generic/kf5sonnet@5.98.0
ginkgo,pkg:generic/ginkgo
boost-type-erasure,pkg:generic/boost-type-erasure@1.87.0
lerc,pkg:generic/lerc@4.0.4
qtquicktimeline,pkg:generic/qtquicktimeline@6.8.2
rbdl,pkg:generic/rbdl@3.3.0
vtk-dicom,pkg:generic/vtk-dicom@0.8.16
roaring,pkg:generic/roaring@4.2.1
live555,pkg:generic/live555
astr,pkg:generic/astr@0.2.1
knet,pkg:generic/knet@1.1.0
rexo,pkg:generic/rexo
commsdsl,pkg:generic/commsdsl
qt5,pkg:generic/qt5@5.15.16
clap-cleveraudio,pkg:generic/clap-cleveraudio
librabbitmq,pkg:generic/librabbitmq@0.15.0
guetzli,pkg:generic/guetzli
curl,pkg:generic/curl@8.12.1
libraw,pkg:generic/libraw@0.21.3
braft,pkg:generic/braft
zoe,pkg:generic/zoe@3.5
readerwriterqueue,pkg:generic/readerwriterqueue
boost-json,pkg:generic/boost-json@1.87.0
arrow,pkg:generic/arrow@19.0.1
tinytoml,pkg:generic/tinytoml@20180219
dlfcn-win32,pkg:generic/dlfcn-win32@1.4.1
brynet,pkg:generic/brynet@1.12.2
fastdds,pkg:generic/fastdds@3.1.2
gsl,pkg:generic/gsl@2.8
vsg,pkg:generic/vsg@1.1.10
poolstl,pkg:generic/poolstl@0.3.5
luminoengine,pkg:generic/luminoengine@0.10.1
libassert,pkg:generic/libassert@2.1.5
tre,pkg:generic/tre@0.8.0
umock-c,pkg:generic/umock-c
makeid,pkg:generic/makeid@1.0.3
wxwidgets,pkg:generic/wxwidgets@3.2.6
azure-security-keyvault-keys-cpp,pkg:generic/azure-security-keyvault-keys-cpp
sleef,pkg:generic/sleef@3.8
rapidfuzz,pkg:generic/rapidfuzz@3.3.2
vcpkg-tool-bazel,pkg:generic/vcpkg-tool-bazel@5.2.0
sajson,pkg:generic/sajson
fast-cpp-csv-parser,pkg:generic/fast-cpp-csv-parser
boost-uuid,pkg:generic/boost-uuid@1.87.0
lib3mf,pkg:generic/lib3mf@2.3.2
icecream-cpp,pkg:generic/icecream-cpp@1.0.0
boost-filesystem,pkg:generic/boost-filesystem@1.87.0
configcat,pkg:generic/configcat@4.0.4
restc-cpp,pkg:generic/restc-cpp
libgit2,pkg:generic/libgit2
libatomic-ops,pkg:generic/libatomic-ops@7.8.2
pmdk,pkg:generic/pmdk@1.12.0
jsmn,pkg:generic/jsmn
opusfile,pkg:generic/opusfile@0.12+20221121
qt5-webglplugin,pkg:generic/qt5-webglplugin@5.15.16
libunistring,pkg:generic/libunistring@1.2
fakeit,pkg:generic/fakeit@2.4.1
pcre2,pkg:generic/pcre2@10.45
node-addon-api,pkg:generic/node-addon-api@7.0.0
rapidjson,pkg:generic/rapidjson
freetds,pkg:generic/freetds@1.3.10
libxkbcommon,pkg:generic/libxkbcommon@1.7.0
pegtl-2,pkg:generic/pegtl-2@2.8.3
cctz,pkg:generic/cctz@2.4
sse2neon,pkg:generic/sse2neon@1.8.0
apr,pkg:generic/apr@1.7.5
wampcc,pkg:generic/wampcc
readline-win32,pkg:generic/readline-win32@5.0
libxdf,pkg:generic/libxdf@0.99.9
libui,pkg:generic/libui
foonathan-memory,pkg:generic/foonathan-memory@0.7.3
ztd-idk,pkg:generic/ztd-idk
uvatlas,pkg:generic/uvatlas
ghc-filesystem,pkg:generic/ghc-filesystem@1.5.14
boost-conversion,pkg:generic/boost-conversion@1.87.0
atkmm,pkg:generic/atkmm@2.36.3
pystring,pkg:generic/pystring@1.1.4
libkml,pkg:generic/libkml@1.3.0
google-cloud-cpp,pkg:generic/google-cloud-cpp@2.36.0
coin-or-clp,pkg:generic/coin-or-clp
wil,pkg:generic/wil@1.0.240803.1
protobuf-c,pkg:generic/protobuf-c
pocketfft,pkg:generic/pocketfft
libbacktrace,pkg:generic/libbacktrace
qtvirtualkeyboard,pkg:generic/qtvirtualkeyboard@6.8.2
qcoro,pkg:generic/qcoro@0.11.0
shiftmedia-libgpg-error,pkg:generic/shiftmedia-libgpg-error@1.45
bit7z,pkg:generic/bit7z@4.0.9
fmilib,pkg:generic/fmilib@2.4.1
libsm,pkg:generic/libsm@1.2.3
zlmediakit,pkg:generic/zlmediakit
moos-ui,pkg:generic/moos-ui@10.0.1
imgui,pkg:generic/imgui@1.91.8
solid3,pkg:generic/solid3@3.5.8
tsl-hopscotch-map,pkg:generic/tsl-hopscotch-map@2.3.1
dstorage,pkg:generic/dstorage@1.2.3
fast-float,pkg:generic/fast-float@8.0.2
tl-ranges,pkg:generic/tl-ranges
qt5-virtualkeyboard,pkg:generic/qt5-virtualkeyboard@5.15.16
red0124-ssp,pkg:generic/red0124-ssp@1.8.0
onnx,pkg:generic/onnx
zookeeper,pkg:generic/zookeeper@3.5.6
gemmlowp,pkg:generic/gemmlowp
octomap,pkg:generic/octomap@1.10.0
blas,pkg:generic/blas
dirent,pkg:generic/dirent@1.24
libvorbis,pkg:generic/libvorbis@1.3.7
functions-framework-cpp,pkg:generic/functions-framework-cpp@1.2.0
lv2,pkg:generic/lv2@1.18.10
vulkan-memory-allocator,pkg:generic/vulkan-memory-allocator@3.1.0
aws-c-s3,pkg:generic/aws-c-s3@0.7.7
libgta,pkg:generic/libgta@1.0.8
convectionkernels,pkg:generic/convectionkernels
benchmark,pkg:generic/benchmark
neon2sse,pkg:generic/neon2sse
nuklear,pkg:generic/nuklear
sobjectizer,pkg:generic/sobjectizer@5.8.4
tesseract,pkg:generic/tesseract@5.5.0
kf5declarative,pkg:generic/kf5declarative@5.98.0
azure-security-keyvault-certificates-cpp,pkg:generic/azure-security-keyvault-certificates-cpp
openmpi,pkg:generic/openmpi@4.1.7
boost-coroutine2,pkg:generic/boost-coroutine2@1.87.0
rtabmap-res-tool,pkg:generic/rtabmap-res-tool@0.21.4.1
ggml,pkg:generic/ggml
zeroc-ice,pkg:generic/zeroc-ice@3.7.10
plf-colony,pkg:generic/plf-colony@7.41
azure-storage-queues-cpp,pkg:generic/azure-storage-queues-cpp
liberasurecode,pkg:generic/liberasurecode@1.6.4
opencv3,pkg:generic/opencv3@3.4.20
kf5parts,pkg:generic/kf5parts@5.98.0
chipmunk,pkg:generic/chipmunk@7.0.3
ed25519,pkg:generic/ed25519
cgns,pkg:generic/cgns
gperftools,pkg:generic/gperftools@2.16
gettext-libintl,pkg:generic/gettext-libintl@0.22.5
lfreist-hwinfo,pkg:generic/lfreist-hwinfo
mapbox-geojson-cpp,pkg:generic/mapbox-geojson-cpp
simdutf,pkg:generic/simdutf
libavif,pkg:generic/libavif
spatial-hash,pkg:generic/spatial-hash@1.0.0
json-c,pkg:generic/json-c@0.18-20240915
fdk-aac,pkg:generic/fdk-aac
libpsl,pkg:generic/libpsl@0.21.5
boost-lockfree,pkg:generic/boost-lockfree@1.87.0
liblzf,pkg:generic/liblzf@3.6
vamp-sdk,pkg:generic/vamp-sdk@2.10
azure-storage-files-datalake-cpp,pkg:generic/azure-storage-files-datalake-cpp
sdl2-ttf,pkg:generic/sdl2-ttf@2.24.0
avisynthplus,pkg:generic/avisynthplus@3.7.3
atliac-minitest,pkg:generic/atliac-minitest@1.0.0
krabsetw,pkg:generic/krabsetw@4.3.2
cairo,pkg:generic/cairo@1.18.2
flecs,pkg:generic/flecs@4.0.4
ktx,pkg:generic/ktx
tweeny,pkg:generic/tweeny@3.2.0
mesa,pkg:generic/mesa@24.0.7
luajit,pkg:generic/luajit
libalkimia,pkg:generic/libalkimia@8.1.72
aliyun-oss-cpp-sdk,pkg:generic/aliyun-oss-cpp-sdk@1.10.0
dtl,pkg:generic/dtl@1.21
treehopper,pkg:generic/treehopper@1.11.3
kf5notifications,pkg:generic/kf5notifications@5.98.0
libftdi1,pkg:generic/libftdi1@1.5
coin-or-osi,pkg:generic/coin-or-osi
fast-double-parser,pkg:generic/fast-double-parser@0.8.0
flashlight-text,pkg:generic/flashlight-text@0.0.4
lightgbm,pkg:generic/lightgbm@4.5.0
gdal,pkg:generic/gdal
staticjson,pkg:generic/staticjson@1.0.0
picojson,pkg:generic/picojson@1.3.0
kf5bookmarks,pkg:generic/kf5bookmarks@5.98.0
itk,pkg:generic/itk@5.4.0
x265,pkg:generic/x265@4.1
winreg,pkg:generic/winreg@6.3.2
plf-stack,pkg:generic/plf-stack
boost-intrusive,pkg:generic/boost-intrusive@1.87.0
xcb-util,pkg:generic/xcb-util@0.4.0
kf5textwidgets,pkg:generic/kf5textwidgets@5.98.0
opentelemetry-cpp,pkg:generic/opentelemetry-cpp
restbed,pkg:generic/restbed@4.8
think-cell-range,pkg:generic/think-cell-range@2023.1
libzim,pkg:generic/libzim@9.0.0
lest,pkg:generic/lest@1.35.2
crossguid,pkg:generic/crossguid
jhasse-poly2tri,pkg:generic/jhasse-poly2tri
coolprop,pkg:generic/coolprop
hareflow,pkg:generic/hareflow
osmanip,pkg:generic/osmanip@4.6.1
libprotobuf-mutator,pkg:generic/libprotobuf-mutator@1.3
kf5codecs,pkg:generic/kf5codecs@5.98.0
snitch,pkg:generic/snitch@1.2.5
irrxml,pkg:generic/irrxml@0
mapbox-geometry,pkg:generic/mapbox-geometry
xcb-util-errors,pkg:generic/xcb-util-errors@1.0.1
serd,pkg:generic/serd@0.32.4
shiftmedia-libgcrypt,pkg:generic/shiftmedia-libgcrypt@1.10.3-1
sdl3-ttf,pkg:generic/sdl3-ttf@3.1.0
lodepng-c,pkg:generic/lodepng-c
htscodecs,pkg:generic/htscodecs@1.6.1
coin-or-cbc,pkg:generic/coin-or-cbc
boost-parser,pkg:generic/boost-parser@1.87.0
utf8proc,pkg:generic/utf8proc@2.10.0
at-spi2-atk,pkg:generic/at-spi2-atk@2.38.0
boost-cmake,pkg:generic/boost-cmake@1.87.0
rendergraph,pkg:generic/rendergraph@1.4.1
vcpkg-boost,pkg:generic/vcpkg-boost
vulkan-tools,pkg:generic/vulkan-tools@1.4.304.1
lcms,pkg:generic/lcms@2.16
nanoflann,pkg:generic/nanoflann@1.7.1
kangaru,pkg:generic/kangaru@4.3.2
libfido2,pkg:generic/libfido2@1.15.0
tcl,pkg:generic/tcl
dpp,pkg:generic/dpp@10.1.0
via-httplib,pkg:generic/via-httplib@1.9.0
qtkeychain,pkg:generic/qtkeychain@0.14.3
quirc,pkg:generic/quirc@1.2
suitesparse-rbio,pkg:generic/suitesparse-rbio
cpp-httplib,pkg:generic/cpp-httplib@0.19.0
aws-c-mqtt,pkg:generic/aws-c-mqtt@0.11.0
alembic,pkg:generic/alembic@1.8.8
kf5configwidgets,pkg:generic/kf5configwidgets@5.98.0
liquid-dsp,pkg:generic/liquid-dsp@1.7.0
xxhash,pkg:generic/xxhash@0.8.2
audiofile,pkg:generic/audiofile@1.1.2
qt5-translations,pkg:generic/qt5-translations@5.15.16
botan,pkg:generic/botan@3.7.1
libsecret,pkg:generic/libsecret@0.21.4
azure-uamqp-c,pkg:generic/azure-uamqp-c
boost-type-index,pkg:generic/boost-type-index@1.87.0
octave,pkg:generic/octave@9.4.0
wolftpm,pkg:generic/wolftpm@3.4.0
librttopo,pkg:generic/librttopo@1.1.0
libtracepoint-control,pkg:generic/libtracepoint-control@1.4.0
sassc,pkg:generic/sassc@3.6.2
libimobiledevice-glue,pkg:generic/libimobiledevice-glue
simsimd,pkg:generic/simsimd@6.0.0
dcmtk,pkg:generic/dcmtk@3.6.9
easycl,pkg:generic/easycl@0.3
range-v3-vs2015,pkg:generic/range-v3-vs2015@20151130-vcpkg5
libxslt,pkg:generic/libxslt@1.1.42
boost-dynamic-bitset,pkg:generic/boost-dynamic-bitset@1.87.0
ccd,pkg:generic/ccd@2.1
boost,pkg:generic/boost@1.87.0
dbow2,pkg:generic/dbow2
boost-timer,pkg:generic/boost-timer@1.87.0
cminpack,pkg:generic/cminpack@1.3.8
aom,pkg:generic/aom
restclient-cpp,pkg:generic/restclient-cpp
libmikmod,pkg:generic/libmikmod@3.3.11.1
xerces-c,pkg:generic/xerces-c
libxres,pkg:generic/libxres@1.2.1
http-parser,pkg:generic/http-parser@2.9.4
boost-yap,pkg:generic/boost-yap@1.87.0
color-console,pkg:generic/color-console
libmypaint,pkg:generic/libmypaint@1.6.1
meekrosoft-fff,pkg:generic/meekrosoft-fff@1.1
replxx,pkg:generic/replxx@0.0.4
tlx,pkg:generic/tlx@0.6.1
tl-function-ref,pkg:generic/tl-function-ref@1.0.0
log4cplus,pkg:generic/log4cplus@2.1.1
murmurhash,pkg:generic/murmurhash
nvidia-cutlass,pkg:generic/nvidia-cutlass@3.3.0
oscpack,pkg:generic/oscpack@1.1.0
advobfuscator,pkg:generic/advobfuscator
boost-test,pkg:generic/boost-test@1.87.0
ccfits,pkg:generic/ccfits@2.5
pmp-library,pkg:generic/pmp-library@3.0.0
libzip,pkg:generic/libzip@1.11.3
minifb,pkg:generic/minifb
qtwebengine,pkg:generic/qtwebengine@6.8.2
ztd-cuneicode,pkg:generic/ztd-cuneicode
wmipp,pkg:generic/wmipp@1.3.0
llhttp,pkg:generic/llhttp@9.2.1
boost-chrono,pkg:generic/boost-chrono@1.87.0
brigand,pkg:generic/brigand@1.3.0
ppconsul,pkg:generic/ppconsul@0.5
libp7-baical,pkg:generic/libp7-baical
oboe,pkg:generic/oboe@1.8.0
gtsam,pkg:generic/gtsam@4.2.0
sdl2-mixer-ext,pkg:generic/sdl2-mixer-ext@2.6.0
libvmdk,pkg:generic/libvmdk@20221124
openexr,pkg:generic/openexr@3.3.2
easyhook,pkg:generic/easyhook@2.7.7097.0
aws-c-cal,pkg:generic/aws-c-cal@0.8.1
ogre,pkg:generic/ogre@14.3.2
libbf,pkg:generic/libbf@1.0.0
pdal,pkg:generic/pdal@2.8.4
qtwebsockets,pkg:generic/qtwebsockets@6.8.2
liblsl,pkg:generic/liblsl@1.16.2
wolfssl,pkg:generic/wolfssl@5.7.6
pipewire,pkg:generic/pipewire@1.2.7
jasper,pkg:generic/jasper@4.2.4
cppkafka,pkg:generic/cppkafka@0.4.0
earcut-hpp,pkg:generic/earcut-hpp@2.2.4
datraw,pkg:generic/datraw@1.0.9
mtlt,pkg:generic/mtlt@1.0.0
simde,pkg:generic/simde@0.8.2
allegro5,pkg:generic/allegro5@5.2.10.0
boost-assert,pkg:generic/boost-assert@1.87.0
influxdb-cxx,pkg:generic/influxdb-cxx@0.7.4
dbow3,pkg:generic/dbow3@1.0.0
happly,pkg:generic/happly
boost-io,pkg:generic/boost-io@1.87.0
pravila00-enum-string,pkg:generic/pravila00-enum-string
discount,pkg:generic/discount
qt5-webengine,pkg:generic/qt5-webengine@5.15.16
z4kn4fein-semver,pkg:generic/z4kn4fein-semver@0.4.0
sdl1-mixer,pkg:generic/sdl1-mixer
geogram,pkg:generic/geogram@1.9.3
better-enums,pkg:generic/better-enums@0.11.3
tensorflow-cc,pkg:generic/tensorflow-cc
rubberband,pkg:generic/rubberband@4.0.0
hexl,pkg:generic/hexl@1.2.5
libideviceactivation,pkg:generic/libideviceactivation
wayland-protocols,pkg:generic/wayland-protocols@1.31
kf5windowsystem,pkg:generic/kf5windowsystem@5.98.0
xqilla,pkg:generic/xqilla@2.3.4
librdkafka,pkg:generic/librdkafka@2.6.0
getopt,pkg:generic/getopt@0
libcgroup,pkg:generic/libcgroup@3.1.0
avcpp,pkg:generic/avcpp@2.6.0
minimp3,pkg:generic/minimp3
libev,pkg:generic/libev@4.33
modp-base64,pkg:generic/modp-base64
re2,pkg:generic/re2
zeromq,pkg:generic/zeromq@4.3.5
loguru,pkg:generic/loguru@2.1.0
vowpal-wabbit,pkg:generic/vowpal-wabbit@9.10.0
nspr,pkg:generic/nspr@4.35
argparse,pkg:generic/argparse@3.2
libxcrypt,pkg:generic/libxcrypt@4.4.36
lunarg-vulkantools,pkg:generic/lunarg-vulkantools@1.4.304.1
dbus,pkg:generic/dbus@1.16.2
openmvs,pkg:generic/openmvs@2.1.0
libfuse,pkg:generic/libfuse@3.16.2
glib-networking,pkg:generic/glib-networking@2.78.0
wtl,pkg:generic/wtl@10.0.10320
arg-router,pkg:generic/arg-router@1.4.0
picosha2,pkg:generic/picosha2
tree-sitter,pkg:generic/tree-sitter
boost-multiprecision,pkg:generic/boost-multiprecision@1.87.0
utfcpp,pkg:generic/utfcpp@4.0.6
qoixx,pkg:generic/qoixx@0.1.7
uthash,pkg:generic/uthash
qscintilla,pkg:generic/qscintilla@2.14.1
ecos,pkg:generic/ecos@2.0.10
boost-headers,pkg:generic/boost-headers@1.87.0
readosm,pkg:generic/readosm
oof,pkg:generic/oof
libmagic,pkg:generic/libmagic@5.46
qtactiveqt,pkg:generic/qtactiveqt@6.8.2
rapidcheck,pkg:generic/rapidcheck
kf5plotting,pkg:generic/kf5plotting@5.98.0
michaelmiller-sec21,pkg:generic/michaelmiller-sec21@1.0.1
libhdfs3,pkg:generic/libhdfs3
dimcli,pkg:generic/dimcli
ms-gsl,pkg:generic/ms-gsl@4.2.0
matplotplusplus,pkg:generic/matplotplusplus@1.2.1
libics,pkg:generic/libics@1.6.8
openslide,pkg:generic/openslide@3.4.1
refprop-headers,pkg:generic/refprop-headers
byte-lite,pkg:generic/byte-lite@0.3.0
glui,pkg:generic/glui
tiny-process-library,pkg:generic/tiny-process-library@2.0.4
libraqm,pkg:generic/libraqm@0.10.2
aixlog,pkg:generic/aixlog@1.5.0
directxsdk,pkg:generic/directxsdk
alpaca,pkg:generic/alpaca@0.2.1
hash-library,pkg:generic/hash-library@8
openfx,pkg:generic/openfx@1.4
pngpp,pkg:generic/pngpp@0.2.10
fuzzylite,pkg:generic/fuzzylite@6.0
boost-compatibility,pkg:generic/boost-compatibility@1.86.0
croncpp,pkg:generic/croncpp
pulsar-client-cpp,pkg:generic/pulsar-client-cpp@3.7.0
oatpp-zlib,pkg:generic/oatpp-zlib@1.3.0
kf5solid,pkg:generic/kf5solid@5.98.0
libflac,pkg:generic/libflac@1.4.3
vulkan-headers,pkg:generic/vulkan-headers@1.4.304.1
gz-rendering,pkg:generic/gz-rendering@9.0.0
qt5-androidextras,pkg:generic/qt5-androidextras@5.15.16
magnum-integration,pkg:generic/magnum-integration
taglib,pkg:generic/taglib@2.0.2
libxinerama,pkg:generic/libxinerama@1.1.4
apr-util,pkg:generic/apr-util@1.6.3
libkeyfinder,pkg:generic/libkeyfinder@2.2.8
keystone,pkg:generic/keystone
bddisasm,pkg:generic/bddisasm@2.2.0
qt5-imageformats,pkg:generic/qt5-imageformats@5.15.16
boost-regex,pkg:generic/boost-regex@1.87.0
orange-math,pkg:generic/orange-math@1.0.1
gz-physics,pkg:generic/gz-physics@8.0.0
p-ranav-glob,pkg:generic/p-ranav-glob@0.0.1
salome-configuration,pkg:generic/salome-configuration@9.10.0
compoundfilereader,pkg:generic/compoundfilereader@0.1.0
luasocket,pkg:generic/luasocket@3.1.0
kf5newstuff,pkg:generic/kf5newstuff@5.98.0
boost-interprocess,pkg:generic/boost-interprocess@1.87.0
openssl,pkg:generic/openssl@3.4.1
gz-msgs,pkg:generic/gz-msgs@11.0.2
tree-similarity,pkg:generic/tree-similarity
stlab,pkg:generic/stlab@1.7.1
libpff,pkg:generic/libpff
tiny-regex-c,pkg:generic/tiny-regex-c
ptex,pkg:generic/ptex@2.4.3
google-cloud-cpp-common,pkg:generic/google-cloud-cpp-common
cpputest,pkg:generic/cpputest@4.0
vs-yasm,pkg:generic/vs-yasm@0.5.0
boost-bind,pkg:generic/boost-bind@1.87.0
json-spirit,pkg:generic/json-spirit@4.1.0
lockpp,pkg:generic/lockpp@3.0
libxrandr,pkg:generic/libxrandr@1.5.2
cwalk,pkg:generic/cwalk@1.2.9
devicenameresolver,pkg:generic/devicenameresolver
cli,pkg:generic/cli@2.2.0
lazy-importer,pkg:generic/lazy-importer
libde265,pkg:generic/libde265@1.0.15
joltphysics,pkg:generic/joltphysics@5.3.0
libjpeg-turbo,pkg:generic/libjpeg-turbo@3.1.0
poppler,pkg:generic/poppler@24.3.0
kf5itemmodels,pkg:generic/kf5itemmodels@5.98.0
tvision,pkg:generic/tvision
libdisasm,pkg:generic/libdisasm@0.23
smpeg2,pkg:generic/smpeg2@2.0.0
librsvg,pkg:generic/librsvg@2.40.21
hypodermic,pkg:generic/hypodermic
kealib,pkg:generic/kealib@1.6.1
sqlpp11,pkg:generic/sqlpp11@0.64
harfbuzz,pkg:generic/harfbuzz@10.2.0
libmodbus,pkg:generic/libmodbus@3.1.10
cityhash,pkg:generic/cityhash
kinectsdk1,pkg:generic/kinectsdk1@1.8
libxrender,pkg:generic/libxrender@0.9.10
font-util,pkg:generic/font-util@1.4.1
json11,pkg:generic/json11
asiochan,pkg:generic/asiochan
irrlicht,pkg:generic/irrlicht@1.8.5
kf5itemviews,pkg:generic/kf5itemviews@5.98.0
parsi,pkg:generic/parsi@0.1.0
vlpp,pkg:generic/vlpp@1.2.10.2
mbedtls,pkg:generic/mbedtls@3.6.2
yalantinglibs,pkg:generic/yalantinglibs@0.4.0
intel-mkl,pkg:generic/intel-mkl@2023.0.0
vcpkg-tool-ninja,pkg:generic/vcpkg-tool-ninja
copypp,pkg:generic/copypp@0.3.0
gz-math,pkg:generic/gz-math@8.1.0
libsmacker,pkg:generic/libsmacker@1.2.0
qtserialport,pkg:generic/qtserialport@6.8.2
libxpresent,pkg:generic/libxpresent@1.0.0
libosmscout,pkg:generic/libosmscout@1.1.1
libmpeg2,pkg:generic/libmpeg2@0.5.1
b64,pkg:generic/b64@2.0.0.1
units,pkg:generic/units@2.3.3
polyclipping,pkg:generic/polyclipping@6.4.2
libmupdf,pkg:generic/libmupdf@1.25.4
snap7,pkg:generic/snap7@1.4.2
asock,pkg:generic/asock@1.0.7
libepoxy,pkg:generic/libepoxy@1.5.10
libvpx,pkg:generic/libvpx@1.13.1
qt5-x11extras,pkg:generic/qt5-x11extras@5.15.16
triangle,pkg:generic/triangle@1.6
velodyne-decoder,pkg:generic/velodyne-decoder@3.0.0
dartsim,pkg:generic/dartsim@6.15.0
cxxgraph,pkg:generic/cxxgraph@4.1.0
openvdb,pkg:generic/openvdb@12.0.0
libevhtp,pkg:generic/libevhtp@1.2.18
trantor,pkg:generic/trantor
esaxx,pkg:generic/esaxx
gz-fuel-tools,pkg:generic/gz-fuel-tools@10.0.0
pistache,pkg:generic/pistache
c-ares,pkg:generic/c-ares
ada-url,pkg:generic/ada-url@3.2.1
fluidsynth,pkg:generic/fluidsynth@2.4.4
boost-ptr-container,pkg:generic/boost-ptr-container@1.87.0
boost-parameter-python,pkg:generic/boost-parameter-python@1.87.0
abseil,pkg:generic/abseil@20250127.0
qt5-scxml,pkg:generic/qt5-scxml@5.15.16
forge,pkg:generic/forge
cachelib,pkg:generic/cachelib
parallel-hashmap,pkg:generic/parallel-hashmap@2.0.0
qtlocation,pkg:generic/qtlocation@6.8.2
projectm-eval,pkg:generic/projectm-eval@1.0.0
aws-c-sdkutils,pkg:generic/aws-c-sdkutils@0.2.1
msdfgen,pkg:generic/msdfgen@1.12
rxqt,pkg:generic/rxqt
draco,pkg:generic/draco@1.5.7
glib,pkg:generic/glib@2.80.0
libmysql,pkg:generic/libmysql@8.0.40
colmap,pkg:generic/colmap@3.11.1
linalg,pkg:generic/linalg@2.2
json-dto,pkg:generic/json-dto@0.3.4
attr,pkg:generic/attr
cyclonedds,pkg:generic/cyclonedds
oatpp-libressl,pkg:generic/oatpp-libressl@1.3.0
azure-storage-cpp,pkg:generic/azure-storage-cpp@7.5.0
unqlite,pkg:generic/unqlite@1.1.9
entityx,pkg:generic/entityx@1.3.0
robin-hood-hashing,pkg:generic/robin-hood-hashing@3.11.5
tobias-loew-flags,pkg:generic/tobias-loew-flags
aurora,pkg:generic/aurora@2017-06-21-c75699d2a8caa726260c29b6d7a0fd35f8f28933
optional-bare,pkg:generic/optional-bare@1.1.0
kf5syntaxhighlighting,pkg:generic/kf5syntaxhighlighting@5.98.0
osgearth,pkg:generic/osgearth@3.7
spirv-tools,pkg:generic/spirv-tools@1.4.304.1
luv,pkg:generic/luv
vcpkg-tool-gn,pkg:generic/vcpkg-tool-gn
launch-darkly-server,pkg:generic/launch-darkly-server@2.9.3
mysql-connector-cpp,pkg:generic/mysql-connector-cpp@9.1.0
egl,pkg:generic/egl
libxfont,pkg:generic/libxfont@2.0.5
tl-generator,pkg:generic/tl-generator
observer-ptr-lite,pkg:generic/observer-ptr-lite@0.4.0
usockets,pkg:generic/usockets@0.8.8
libgwenhywfar,pkg:generic/libgwenhywfar
pe-parse,pkg:generic/pe-parse@2.1.1
boost-url,pkg:generic/boost-url@1.87.0
cli11,pkg:generic/cli11@2.5.0
canvas-ity,pkg:generic/canvas-ity@1.0
elfio,pkg:generic/elfio@3.12
manif,pkg:generic/manif@0.0.5
iniparser,pkg:generic/iniparser
uriparser,pkg:generic/uriparser@0.9.8
libcpplocate,pkg:generic/libcpplocate
debug-assert,pkg:generic/debug-assert@1.3.4
glaze,pkg:generic/glaze@5.0.0
xeus,pkg:generic/xeus@0.24.3
kf5holidays,pkg:generic/kf5holidays@5.98.0
boost-tuple,pkg:generic/boost-tuple@1.87.0
nuspell,pkg:generic/nuspell
osg-qt,pkg:generic/osg-qt
tinyply,pkg:generic/tinyply@2.3.4
gul14,pkg:generic/gul14@2.11.2
llgl,pkg:generic/llgl
value-ptr-lite,pkg:generic/value-ptr-lite
boost-thread,pkg:generic/boost-thread@1.87.0
azure-iot-sdk-c,pkg:generic/azure-iot-sdk-c
backward-cpp,pkg:generic/backward-cpp
gklib,pkg:generic/gklib
duktape,pkg:generic/duktape@2.7.0
cpp-peglib,pkg:generic/cpp-peglib@1.9.1
otl,pkg:generic/otl@4.0.481
lzokay,pkg:generic/lzokay
argagg,pkg:generic/argagg@0.4.7
boost-property-tree,pkg:generic/boost-property-tree@1.87.0
robotraconteur,pkg:generic/robotraconteur
fmt,pkg:generic/fmt@11.0.2
boost-poly-collection,pkg:generic/boost-poly-collection@1.87.0
wildmidi,pkg:generic/wildmidi@0.4.6
rabit,pkg:generic/rabit@0.1
simpleble,pkg:generic/simpleble
kdbindings,pkg:generic/kdbindings@1.1.0
comms,pkg:generic/comms@5.2.7
expat,pkg:generic/expat@2.6.4
ms-ifc-sdk,pkg:generic/ms-ifc-sdk@0.43.1
ragel,pkg:generic/ragel@6.10
proj,pkg:generic/proj@9.6.0
directx-headers,pkg:generic/directx-headers@1.615.0
libdivide,pkg:generic/libdivide@5.2.0
fribidi,pkg:generic/fribidi@1.0.16
librtmp,pkg:generic/librtmp
crashpad,pkg:generic/crashpad
mikktspace,pkg:generic/mikktspace
grpc,pkg:generic/grpc
libslirp,pkg:generic/libslirp
bitsery,pkg:generic/bitsery@5.2.4
vmaware-vm-detection,pkg:generic/vmaware-vm-detection@2.0
luasec,pkg:generic/luasec@1.3.2
libnop,pkg:generic/libnop
wcslib,pkg:generic/wcslib@8.4
mp-units,pkg:generic/mp-units@2.4.0
c89stringutils,pkg:generic/c89stringutils@0.0.2
librsync,pkg:generic/librsync
openimageio,pkg:generic/openimageio@3.0.1.0
boost-cobalt,pkg:generic/boost-cobalt@1.87.0
json-rpc-cxx,pkg:generic/json-rpc-cxx@0.3.2
boost-pfr,pkg:generic/boost-pfr@1.87.0
kf5jobwidgets,pkg:generic/kf5jobwidgets@5.98.0
opencv,pkg:generic/opencv@4.10.0
sdformat,pkg:generic/sdformat@15.1.1
libunibreak,pkg:generic/libunibreak@6.1
qtquickcontrols2,pkg:generic/qtquickcontrols2
cglm,pkg:generic/cglm
fixed-string,pkg:generic/fixed-string@0.1.1
libgig,pkg:generic/libgig@4.4.1
openldap,pkg:generic/openldap@2.5.18
qtquickeffectmaker,pkg:generic/qtquickeffectmaker@6.8.2
boost-lambda2,pkg:generic/boost-lambda2@1.87.0
gz-plugin,pkg:generic/gz-plugin@3.0.0
boost-ublas,pkg:generic/boost-ublas@1.87.0
xaudio2redist,pkg:generic/xaudio2redist@1.2.11
gdcm,pkg:generic/gdcm@3.0.24
mpfr,pkg:generic/mpfr@4.2.1
kf5archive,pkg:generic/kf5archive@5.98.0
parson,pkg:generic/parson
boost-heap,pkg:generic/boost-heap@1.87.0
libvmaf,pkg:generic/libvmaf@3.0.0
libaiff,pkg:generic/libaiff@5.0
yyjson,pkg:generic/yyjson@0.10.0
gtkmm,pkg:generic/gtkmm@4.14.0
boost-local-function,pkg:generic/boost-local-function@1.87.0
rsm-mmio,pkg:generic/rsm-mmio
openmvg,pkg:generic/openmvg@2.1
llama-cpp,pkg:generic/llama-cpp@4743
ryml,pkg:generic/ryml@0.8.0
qtbase,pkg:generic/qtbase@6.8.2
delaunator-cpp,pkg:generic/delaunator-cpp@1.0.0
qtgrpc,pkg:generic/qtgrpc@6.8.2
yasm-tool,pkg:generic/yasm-tool
uwebsockets,pkg:generic/uwebsockets
msmpi,pkg:generic/msmpi@10.1.12498
mimicpp,pkg:generic/mimicpp@6
winsparkle,pkg:generic/winsparkle@0.8.3
xtensor-fftw,pkg:generic/xtensor-fftw
gpgme,pkg:generic/gpgme@1.23.2
kf5xmlgui,pkg:generic/kf5xmlgui@5.98.0
oniguruma,pkg:generic/oniguruma@6.9.10
binn,pkg:generic/binn@3.0
llfio,pkg:generic/llfio
io2d,pkg:generic/io2d
hlslpp,pkg:generic/hlslpp@3.6
verdict,pkg:generic/verdict@1.4.0
freetype,pkg:generic/freetype@2.13.3
libcoro,pkg:generic/libcoro@0.14.1
munit,pkg:generic/munit
libmidi2,pkg:generic/libmidi2@0.13
xcb-util-m4,pkg:generic/xcb-util-m4
libsass,pkg:generic/libsass@3.6.6
mailio,pkg:generic/mailio@0.24.0
hungarian,pkg:generic/hungarian@0.1.3
azure-kinect-sensor-sdk,pkg:generic/azure-kinect-sensor-sdk@1.4.1
boost-interval,pkg:generic/boost-interval@1.87.0
s2n,pkg:generic/s2n@1.5.9
level-zero,pkg:generic/level-zero@1.20.2
kf5coreaddons,pkg:generic/kf5coreaddons@5.98.0
ompl,pkg:generic/ompl@1.6.0
boost-serialization,pkg:generic/boost-serialization@1.87.0
so5extra,pkg:generic/so5extra@1.6.2
rapidhash,pkg:generic/rapidhash@1.0
shader-slang,pkg:generic/shader-slang@2025.5
ptyqt,pkg:generic/ptyqt@0.7.1
half,pkg:generic/half@2.2.0
zycore,pkg:generic/zycore@1.5.1
libtorch,pkg:generic/libtorch@2.1.2
qt5-mqtt,pkg:generic/qt5-mqtt@5.15.16
stx,pkg:generic/stx@1.0.5
zint,pkg:generic/zint@2.12.0
random123,pkg:generic/random123@1.14.0
libqglviewer,pkg:generic/libqglviewer@2.9.1
monkeys-audio,pkg:generic/monkeys-audio
spirv-cross,pkg:generic/spirv-cross@1.4.304.1
boost-pool,pkg:generic/boost-pool@1.87.0
qt5-charts,pkg:generic/qt5-charts@5.15.16
polyhook2,pkg:generic/polyhook2
ceres,pkg:generic/ceres@2.2.0
pixman,pkg:generic/pixman@0.44.2
buck-yeh-bux-sqlite,pkg:generic/buck-yeh-bux-sqlite@1.0.5
qt5-activeqt,pkg:generic/qt5-activeqt@5.15.16
libxmp,pkg:generic/libxmp@4.6.0
onnxruntime-gpu,pkg:generic/onnxruntime-gpu@1.19.2
azure-core-amqp-cpp,pkg:generic/azure-core-amqp-cpp
qtwebchannel,pkg:generic/qtwebchannel@6.8.2
qtapplicationmanager,pkg:generic/qtapplicationmanager@6.8.2
sophus,pkg:generic/sophus@1.24.6-r1
libtins,pkg:generic/libtins@4.5
mpg123,pkg:generic/mpg123@1.32.9
mapbox-variant,pkg:generic/mapbox-variant@1.2.0
jxrlib,pkg:generic/jxrlib@2019.10.9
vcpkg-tool-castxml,pkg:generic/vcpkg-tool-castxml@0.6.5
seal,pkg:generic/seal@4.1.2
buck-yeh-bux,pkg:generic/buck-yeh-bux@1.11.1
wyhash,pkg:generic/wyhash
mmloader,pkg:generic/mmloader@1.0.1
flatcc,pkg:generic/flatcc@0.6.1
gz-common,pkg:generic/gz-common@6.0.2
liblsquic,pkg:generic/liblsquic@3.3.2
qt5-datavis3d,pkg:generic/qt5-datavis3d@5.15.16
boost-typeof,pkg:generic/boost-typeof@1.87.0
libuuid,pkg:generic/libuuid@1.0.3
assimp,pkg:generic/assimp@5.4.3
libtess2,pkg:generic/libtess2
sdl1,pkg:generic/sdl1@1.2.15
qt5-quickcontrols,pkg:generic/qt5-quickcontrols@5.15.16
mypaint-brushes,pkg:generic/mypaint-brushes@1.3.1
libiconv,pkg:generic/libiconv@1.18
behaviortree-cpp,pkg:generic/behaviortree-cpp@4.6.2
zfp,pkg:generic/zfp@1.0.1
highfive,pkg:generic/highfive@2.10.1
exiv2,pkg:generic/exiv2@0.28.5
vcpkg-tool-python2,pkg:generic/vcpkg-tool-python2@2.7.18
cpp-timsort,pkg:generic/cpp-timsort@3.0.1
comms-ublox,pkg:generic/comms-ublox
urdfdom,pkg:generic/urdfdom@3.1.1
suitesparse-paru,pkg:generic/suitesparse-paru
libigl,pkg:generic/libigl@2.5.0
kf5package,pkg:generic/kf5package@5.98.0
type-lite,pkg:generic/type-lite@0.2.0
open62541,pkg:generic/open62541@1.3.15
if97,pkg:generic/if97@2.1.3
suitesparse-cholmod,pkg:generic/suitesparse-cholmod
azure-uhttp-c,pkg:generic/azure-uhttp-c
libmysofa,pkg:generic/libmysofa@1.3.2
boost-variant,pkg:generic/boost-variant@1.87.0
lzo,pkg:generic/lzo@2.10
mio,pkg:generic/mio
drogon,pkg:generic/drogon
bzip2,pkg:generic/bzip2
at-spi2-core,pkg:generic/at-spi2-core@2.44.1
cld3,pkg:generic/cld3@3.0.14
telnetpp,pkg:generic/telnetpp@3.1.0
cute-headers,pkg:generic/cute-headers
libudns,pkg:generic/libudns@0.4
cpp-kana,pkg:generic/cpp-kana@1.0.0
neargye-semver,pkg:generic/neargye-semver@0.3.1
jbig2dec,pkg:generic/jbig2dec@0.20
boost-graph,pkg:generic/boost-graph@1.87.0
games101-cgl,pkg:generic/games101-cgl@0.1.0
libgcrypt,pkg:generic/libgcrypt@1.11.0
boost-detail,pkg:generic/boost-detail@1.87.0
tinyexr,pkg:generic/tinyexr@1.0.9
sdl2-mixer,pkg:generic/sdl2-mixer@2.8.1
imgui-node-editor,pkg:generic/imgui-node-editor@0.9.3
gasol,pkg:generic/gasol
pixel,pkg:generic/pixel
qtkeychain-qt6,pkg:generic/qtkeychain-qt6@0.14.3
leveldb,pkg:generic/leveldb@1.23
libpqxx,pkg:generic/libpqxx@7.10.0
libcorrect,pkg:generic/libcorrect
isal,pkg:generic/isal@2.30.0
tinythread,pkg:generic/tinythread@1.1
clockutils,pkg:generic/clockutils@1.1.1
libpmemobj-cpp,pkg:generic/libpmemobj-cpp
eipscanner,pkg:generic/eipscanner@1.3.0
qtpositioning,pkg:generic/qtpositioning@6.8.2
promise-cpp,pkg:generic/promise-cpp@2.1.2
luabridge3,pkg:generic/luabridge3@3.0-rc3
rtabmap,pkg:generic/rtabmap@0.21.4.1
ttauri,pkg:generic/ttauri@0.5.0
trompeloeil,pkg:generic/trompeloeil@48
chromaprint,pkg:generic/chromaprint@1.5.1
jigson,pkg:generic/jigson@0.1.3
libb2,pkg:generic/libb2@0.98.1
qt5-graphicaleffects,pkg:generic/qt5-graphicaleffects@5.15.16
kaitai-struct-cpp-stl-runtime,pkg:generic/kaitai-struct-cpp-stl-runtime@0.10.1
bfgroup-lyra,pkg:generic/bfgroup-lyra@1.6.1
llnl-units,pkg:generic/llnl-units@0.9.1
kf5widgetsaddons,pkg:generic/kf5widgetsaddons@5.98.0
luafilesystem,pkg:generic/luafilesystem@1.8.0
adios2,pkg:generic/adios2@2.9.2
tgbot-cpp,pkg:generic/tgbot-cpp@1.7.3
keccak-tiny,pkg:generic/keccak-tiny
boost-accumulators,pkg:generic/boost-accumulators@1.87.0
ctstraffic,pkg:generic/ctstraffic@2.0.3.2
wg21-linear-algebra,pkg:generic/wg21-linear-algebra@0.7.3
hayai,pkg:generic/hayai
pprint,pkg:generic/pprint
serdepp,pkg:generic/serdepp@0.1.4.1
realsense2,pkg:generic/realsense2@2.56.2
effolkronium-random,pkg:generic/effolkronium-random@1.5.0
libsbml,pkg:generic/libsbml@5.20.4
skcrypter,pkg:generic/skcrypter
cpp-jwt,pkg:generic/cpp-jwt
usearch,pkg:generic/usearch@2.17.2
libpcap,pkg:generic/libpcap
libao,pkg:generic/libao@1.2.2
rmlui,pkg:generic/rmlui@6.0
cpp-sort,pkg:generic/cpp-sort@1.16.0
qtopcua,pkg:generic/qtopcua@6.8.2
crc32c,pkg:generic/crc32c@1.1.2
stftpitchshift,pkg:generic/stftpitchshift@1.4.1
gperf,pkg:generic/gperf@3.1
flagpp,pkg:generic/flagpp@2.1
bext-sml2,pkg:generic/bext-sml2@2.0.0
thorvg,pkg:generic/thorvg@0.15.11
libstemmer,pkg:generic/libstemmer@2021.2.2.0
stxxl,pkg:generic/stxxl
suitesparse-mongoose,pkg:generic/suitesparse-mongoose
qt5-macextras,pkg:generic/qt5-macextras@5.15.16
scylla-wrapper,pkg:generic/scylla-wrapper@2018-08-26-16e6f435
msgpack11,pkg:generic/msgpack11@0.0.10
qt5-location,pkg:generic/qt5-location@5.15.16
pkgconf,pkg:generic/pkgconf@2.3.0
libaio,pkg:generic/libaio@0.3.113
cialloo-rcon,pkg:generic/cialloo-rcon@1.0.0
cppp-reiconv,pkg:generic/cppp-reiconv@2.1.0
intel-ipsec,pkg:generic/intel-ipsec@1.1
vcpkg-get-python,pkg:generic/vcpkg-get-python
mvfst,pkg:generic/mvfst
faiss,pkg:generic/faiss@1.8.0
approval-tests-cpp,pkg:generic/approval-tests-cpp@10.13.0
deniskovalchuk-libftp,pkg:generic/deniskovalchuk-libftp@1.4.1
g2o,pkg:generic/g2o
libspatialite,pkg:generic/libspatialite@5.1.0
dxut,pkg:generic/dxut@11.32
qtmqtt,pkg:generic/qtmqtt@6.8.2
libfork,pkg:generic/libfork@3.8.0
suitesparse-spex,pkg:generic/suitesparse-spex
aws-checksums,pkg:generic/aws-checksums@0.2.2
dx,pkg:generic/dx@1.0.1
tsl-sparse-map,pkg:generic/tsl-sparse-map@0.6.2
annoy,pkg:generic/annoy@1.17.3
lz4,pkg:generic/lz4@1.10.0
libxft,pkg:generic/libxft@2.3.4
matio,pkg:generic/matio@1.5.28
clapack,pkg:generic/clapack@3.2.1
ctemplate,pkg:generic/ctemplate
arcus,pkg:generic/arcus
qtwayland,pkg:generic/qtwayland@6.8.2
magic-enum,pkg:generic/magic-enum@0.9.7
libusb,pkg:generic/libusb@1.0.27
spdlog,pkg:generic/spdlog
kddockwidgets,pkg:generic/kddockwidgets@2.1.0
sdl2-gfx,pkg:generic/sdl2-gfx@1.0.4
ctbench,pkg:generic/ctbench@1.3.4
aws-sdk-cpp,pkg:generic/aws-sdk-cpp@1.11.474
libtorrent,pkg:generic/libtorrent@2.0.11
lager,pkg:generic/lager
osg,pkg:generic/osg@3.6.5
apsi,pkg:generic/apsi
blosc,pkg:generic/blosc@1.21.6
lodepng,pkg:generic/lodepng
libdvdnav,pkg:generic/libdvdnav
c-dbg-macro,pkg:generic/c-dbg-macro
suitesparse-amd,pkg:generic/suitesparse-amd
veigar,pkg:generic/veigar@1.4
libmt32emu,pkg:generic/libmt32emu@2.7.1
rmqcpp,pkg:generic/rmqcpp@1.0.0
clamav,pkg:generic/clamav
gflags,pkg:generic/gflags@2.2.2
nanorange,pkg:generic/nanorange
lastools,pkg:generic/lastools@2.0.3
nodesoup,pkg:generic/nodesoup
brotli,pkg:generic/brotli@1.1.0
rply,pkg:generic/rply@1.1.4
vtk,pkg:generic/vtk
cthash,pkg:generic/cthash
cppxaml,pkg:generic/cppxaml@0.0.16
taskflow,pkg:generic/taskflow@3.9.0
cpp-ipc,pkg:generic/cpp-ipc@1.3.0
quill,pkg:generic/quill@8.2.0
cblas,pkg:generic/cblas
quickfix,pkg:generic/quickfix@1.15.1
yasm,pkg:generic/yasm@1.3.0
libdmx,pkg:generic/libdmx@1.1.5
hashids,pkg:generic/hashids@1.2.2
libxmlmm,pkg:generic/libxmlmm@0.6.0
ampl-mp,pkg:generic/ampl-mp
mp3lame,pkg:generic/mp3lame@3.100
qt5-modularscripts,pkg:generic/qt5-modularscripts
fenster,pkg:generic/fenster
ixwebsocket,pkg:generic/ixwebsocket
cpp-base64,pkg:generic/cpp-base64
xcb-render-util,pkg:generic/xcb-render-util@0.3.10
boost-optional,pkg:generic/boost-optional@1.87.0
kvasir-mpl,pkg:generic/kvasir-mpl
flashlight-cuda,pkg:generic/flashlight-cuda@0.3
plutosvg,pkg:generic/plutosvg@0.0.6
boost-parameter,pkg:generic/boost-parameter@1.87.0
baresip-libre,pkg:generic/baresip-libre@3.20.0
nccl,pkg:generic/nccl@2.4.6
sjpeg,pkg:generic/sjpeg
kf5kcmutils,pkg:generic/kf5kcmutils@5.98.0
quadtree,pkg:generic/quadtree
torch-th,pkg:generic/torch-th
libopensp,pkg:generic/libopensp@1.5.2
azure-c-shared-utility,pkg:generic/azure-c-shared-utility
jbigkit,pkg:generic/jbigkit@2.1
qtnetworkauth,pkg:generic/qtnetworkauth@6.8.2
aws-lambda-cpp,pkg:generic/aws-lambda-cpp@0.2.10
boost-align,pkg:generic/boost-align@1.87.0
googleapis,pkg:generic/googleapis
steam-audio,pkg:generic/steam-audio@4.5.3
pcapplusplus,pkg:generic/pcapplusplus@24.9
pfring,pkg:generic/pfring@8.8.0
netcdf-cxx4,pkg:generic/netcdf-cxx4@4.3.1
fftwpp,pkg:generic/fftwpp
portable-snippets,pkg:generic/portable-snippets
mdnsresponder,pkg:generic/mdnsresponder@1557.140.5.0.1
libgpg-error,pkg:generic/libgpg-error@1.51
oatpp-mongo,pkg:generic/oatpp-mongo@1.3.0
boost-core,pkg:generic/boost-core@1.87.0
bshoshany-thread-pool,pkg:generic/bshoshany-thread-pool@5.0.0
babl,pkg:generic/babl@0.1.110
qtmultimedia,pkg:generic/qtmultimedia@6.8.2
lwlog,pkg:generic/lwlog@1.3.0
flash-runtime-extensions,pkg:generic/flash-runtime-extensions@2.4
plustache,pkg:generic/plustache@0.4.0
iir1,pkg:generic/iir1@1.9.5
openscap,pkg:generic/openscap@1.4.0
strong-type,pkg:generic/strong-type@15
liblzma,pkg:generic/liblzma@5.6.3
libidn2,pkg:generic/libidn2@2.3.7
qt5-svg,pkg:generic/qt5-svg@5.15.16
protozero,pkg:generic/protozero
rsasynccpp,pkg:generic/rsasynccpp@0.0.7
symengine,pkg:generic/symengine@0.11.2
tiny-bignum-c,pkg:generic/tiny-bignum-c
zstr,pkg:generic/zstr@1.0.7
charls,pkg:generic/charls@2.4.2
dbg-macro,pkg:generic/dbg-macro@0.5.1
boost-container,pkg:generic/boost-container@1.87.0
quantlib,pkg:generic/quantlib@1.37
aurora-au,pkg:generic/aurora-au
sdl1-net,pkg:generic/sdl1-net@1.2.8
im3d,pkg:generic/im3d
xlnt,pkg:generic/xlnt@1.5.0
boost-property-map,pkg:generic/boost-property-map@1.87.0
genann,pkg:generic/genann
nonius,pkg:generic/nonius
lilv,pkg:generic/lilv@0.24.26
qtdatavis3d,pkg:generic/qtdatavis3d@6.8.2
gameinput,pkg:generic/gameinput@0.2303.22621.3038
tinyfiledialogs,pkg:generic/tinyfiledialogs@3.19.1
liblrc,pkg:generic/liblrc@1.0.0
libusbmuxd,pkg:generic/libusbmuxd
vcpkg-gfortran,pkg:generic/vcpkg-gfortran@3
duckx,pkg:generic/duckx@1.2.2
libobfuscate,pkg:generic/libobfuscate
plf-queue,pkg:generic/plf-queue@2.2
libheif,pkg:generic/libheif@1.19.5
septag-dmon,pkg:generic/septag-dmon
gainput,pkg:generic/gainput@1.0.0
efsw,pkg:generic/efsw@1.4.1
libconfuse,pkg:generic/libconfuse@3.3
soapysdr,pkg:generic/soapysdr@0.8.1
awlib,pkg:generic/awlib
msquic,pkg:generic/msquic@2.4.8
xmlsec,pkg:generic/xmlsec@1.3.7
srell,pkg:generic/srell
lmdb,pkg:generic/lmdb@0.9.33
x-plane,pkg:generic/x-plane@4.1.1
gz-fuel-tools8,pkg:generic/gz-fuel-tools8@8.1.0
libmicrodns,pkg:generic/libmicrodns@0.2.0
bitserializer,pkg:generic/bitserializer@0.75
fmem,pkg:generic/fmem
ffnvcodec,pkg:generic/ffnvcodec@12.2.72.0
alpaka,pkg:generic/alpaka@1.2.0
glslang,pkg:generic/glslang@15.1.0
openmama,pkg:generic/openmama
fontconfig,pkg:generic/fontconfig@2.15.0
avro-cpp,pkg:generic/avro-cpp@1.12.0
ocilib,pkg:generic/ocilib@4.7.6
tinyobjloader,pkg:generic/tinyobjloader
liboqs,pkg:generic/liboqs@0.12.0
bark,pkg:generic/bark
marisa-trie,pkg:generic/marisa-trie@0.2.6+20200926
libconfig,pkg:generic/libconfig@1.7.3
mfx-dispatch,pkg:generic/mfx-dispatch@1.35.1
iceoryx,pkg:generic/iceoryx@2.0.6
xtensor-io,pkg:generic/xtensor-io@0.13.0
boost-assign,pkg:generic/boost-assign@1.87.0
kf5attica,pkg:generic/kf5attica@5.98.0
fastcgi,pkg:generic/fastcgi
nanopb,pkg:generic/nanopb
opendnp3,pkg:generic/opendnp3@3.1.1
h5py-lzf,pkg:generic/h5py-lzf@3.12.1
wepoll,pkg:generic/wepoll@1.5.8
boost-algorithm,pkg:generic/boost-algorithm@1.87.0
ltla-knncolle,pkg:generic/ltla-knncolle
cpp-redis,pkg:generic/cpp-redis@4.3.1
vit-vit-ctpl,pkg:generic/vit-vit-ctpl@0.0.2
atk,pkg:generic/atk@2.38.0
xapian,pkg:generic/xapian@1.4.22
paraview,pkg:generic/paraview@5.12.1
usbmuxd,pkg:generic/usbmuxd
gz-gui7,pkg:generic/gz-gui7@7.2.1
pulseaudio,pkg:generic/pulseaudio@17.0
openturns,pkg:generic/openturns@1.24
graphviz,pkg:generic/graphviz
libwebsockets,pkg:generic/libwebsockets
globjects,pkg:generic/globjects@1.1.0
xorg-macros,pkg:generic/xorg-macros@1.19.3
azure-core-cpp,pkg:generic/azure-core-cpp
mchehab-zbar,pkg:generic/mchehab-zbar@0.23.93
tgui,pkg:generic/tgui@1.8.0
vulkan-extensionlayer,pkg:generic/vulkan-extensionlayer@1.4.304.1
gapp,pkg:generic/gapp@0.2.0
libyaml,pkg:generic/libyaml@0.2.5
openjpeg,pkg:generic/openjpeg@2.5.3
xcb-util-wm,pkg:generic/xcb-util-wm@0.4.2
libsigcpp-3,pkg:generic/libsigcpp-3@3.0.3
portmidi,pkg:generic/portmidi@2.0.4
vlfeat,pkg:generic/vlfeat
optional-lite,pkg:generic/optional-lite@3.6.0
libmorton,pkg:generic/libmorton@0.2.12
azure-macro-utils-c,pkg:generic/azure-macro-utils-c
ltla-aarand,pkg:generic/ltla-aarand
libgd,pkg:generic/libgd
tl-optional,pkg:generic/tl-optional@1.1.0
nu-book-zxing-cpp,pkg:generic/nu-book-zxing-cpp@2.3.0
liburing,pkg:generic/liburing@2.8
tiny-aes-c,pkg:generic/tiny-aes-c
refl-cpp,pkg:generic/refl-cpp@0.12.4
qt3d,pkg:generic/qt3d@6.8.2
geographiclib,pkg:generic/geographiclib@2.5
boost-xpressive,pkg:generic/boost-xpressive@1.87.0
azure-storage-common-cpp,pkg:generic/azure-storage-common-cpp
libphonenumber,pkg:generic/libphonenumber@9.0.0
glpk,pkg:generic/glpk@5.0
secp256k1,pkg:generic/secp256k1
boost-format,pkg:generic/boost-format@1.87.0
casadi,pkg:generic/casadi@3.6.7
cudnn,pkg:generic/cudnn@7.6.5
ezc3d,pkg:generic/ezc3d@1.5.11
getopt-win32,pkg:generic/getopt-win32@1.1.0.20220925
vcpkg-cmake-config,pkg:generic/vcpkg-cmake-config
constexpr,pkg:generic/constexpr@1.0
fp16,pkg:generic/fp16
blaze,pkg:generic/blaze@3.8.2
sratom,pkg:generic/sratom@0.6.18
oatpp-ssdp,pkg:generic/oatpp-ssdp@1.3.0
faudio,pkg:generic/faudio
casclib,pkg:generic/casclib
imgui-sfml,pkg:generic/imgui-sfml@3.0
nt-wrapper,pkg:generic/nt-wrapper
restinio,pkg:generic/restinio@0.7.4
azure-storage-files-shares-cpp,pkg:generic/azure-storage-files-shares-cpp
libodb-pgsql,pkg:generic/libodb-pgsql@2.4.0
google-cloud-cpp-spanner,pkg:generic/google-cloud-cpp-spanner
boost-any,pkg:generic/boost-any@1.87.0
tmxparser,pkg:generic/tmxparser
murmur3,pkg:generic/murmur3
opencc,pkg:generic/opencc@1.1.9
directxtk,pkg:generic/directxtk
robotraconteur-companion,pkg:generic/robotraconteur-companion
gz-cmake3,pkg:generic/gz-cmake3@3.4.1
libhydrogen,pkg:generic/libhydrogen
kf5auth,pkg:generic/kf5auth@5.98.0
libremidi,pkg:generic/libremidi@4.5.0
libtracepoint-decode,pkg:generic/libtracepoint-decode@1.4.0
sfgui,pkg:generic/sfgui@1.0.0
absent,pkg:generic/absent@0.3.1
libdvdread,pkg:generic/libdvdread
camport3,pkg:generic/camport3@1.6.2
fdlibm,pkg:generic/fdlibm@5.3
qt5-webview,pkg:generic/qt5-webview@5.15.16
threadpool,pkg:generic/threadpool@0.2.5
jsoncpp,pkg:generic/jsoncpp@1.9.6
azmq,pkg:generic/azmq
cmocka,pkg:generic/cmocka
chronoengine,pkg:generic/chronoengine@8.0.0
zlib-ng,pkg:generic/zlib-ng@2.2.3
libid3tag,pkg:generic/libid3tag@0.16.3
hjson-cpp,pkg:generic/hjson-cpp@2.4.1
hiredis,pkg:generic/hiredis@1.2.0
libmaxminddb,pkg:generic/libmaxminddb@1.12.2
nyan-lang,pkg:generic/nyan-lang@0.3.1
sparsehash,pkg:generic/sparsehash@2.0.4
boost-geometry,pkg:generic/boost-geometry@1.87.0
msgpack-c,pkg:generic/msgpack-c@6.1.0
netcdf-c,pkg:generic/netcdf-c@4.8.1
utfz,pkg:generic/utfz@1.2
openal-soft,pkg:generic/openal-soft@1.24.2
z3,pkg:generic/z3@4.14.0
avro-c,pkg:generic/avro-c@1.12.0
boost-rational,pkg:generic/boost-rational@1.87.0
liblas,pkg:generic/liblas@1.8.1
winpcap,pkg:generic/winpcap@4.1.3
seasocks,pkg:generic/seasocks@1.4.6
log4cxx,pkg:generic/log4cxx@1.3.1
matplotlib-cpp,pkg:generic/matplotlib-cpp
gamenetworkingsockets,pkg:generic/gamenetworkingsockets@1.4.1
boost-math,pkg:generic/boost-math@1.87.0
smf,pkg:generic/smf@0.2.0
flatbuffers,pkg:generic/flatbuffers@25.1.21
libressl,pkg:generic/libressl@4.0.0
gz-physics6,pkg:generic/gz-physics6@6.5.1
intrusive-shared-ptr,pkg:generic/intrusive-shared-ptr@1.6
podofo,pkg:generic/podofo@0.10.4
omplapp,pkg:generic/omplapp@1.6.0
scotch,pkg:generic/scotch@7.0.5
nanosvg,pkg:generic/nanosvg
oatpp-consul,pkg:generic/oatpp-consul@1.3.0
cppgraphqlgen,pkg:generic/cppgraphqlgen@4.5.7
qtinterfaceframework,pkg:generic/qtinterfaceframework@6.8.2
seqan,pkg:generic/seqan@2.4.0
webview2,pkg:generic/webview2@1.0.2277.86
wxchartdir,pkg:generic/wxchartdir@2.0.0
hdr-histogram,pkg:generic/hdr-histogram
alac,pkg:generic/alac@2017-11-03-c38887c5
libmodplug,pkg:generic/libmodplug@0.8.9.0
xcb-keysyms,pkg:generic/xcb-keysyms@0.4.1
physac,pkg:generic/physac@1.1
check,pkg:generic/check@0.15.2
gsasl,pkg:generic/gsasl@2.2.1
ztd-platform,pkg:generic/ztd-platform
opencv2,pkg:generic/opencv2@2.4.13.7
tiny-dnn,pkg:generic/tiny-dnn
metrohash,pkg:generic/metrohash@1.1.3
qtcoap,pkg:generic/qtcoap@6.8.2
libzen,pkg:generic/libzen@0.4.41
kf5crash,pkg:generic/kf5crash@5.98.0
libopusenc,pkg:generic/libopusenc@0.2.1
bitmagic,pkg:generic/bitmagic@7.13.4
async-simple,pkg:generic/async-simple@1.3
libcuckoo,pkg:generic/libcuckoo@0.3.1
rkcommon,pkg:generic/rkcommon@1.14.2
libcaer,pkg:generic/libcaer@3.3.15
jansson,pkg:generic/jansson@2.14
ctpg,pkg:generic/ctpg@1.3.7
ncnn,pkg:generic/ncnn@20241226
vcpkg-qmake,pkg:generic/vcpkg-qmake
vcpkg-tool-nodejs,pkg:generic/vcpkg-tool-nodejs
libhv,pkg:generic/libhv@1.3.3
boost-foreach,pkg:generic/boost-foreach@1.87.0
libcopp,pkg:generic/libcopp@2.2.0
nameof,pkg:generic/nameof@0.10.4
boost-mpi,pkg:generic/boost-mpi@1.87.0
boost-multi-index,pkg:generic/boost-multi-index@1.87.0
intelrdfpmathlib,pkg:generic/intelrdfpmathlib
rivers,pkg:generic/rivers
mgnlibs,pkg:generic/mgnlibs
kdstatemachineeditor,pkg:generic/kdstatemachineeditor@2.0.0
libdeflate,pkg:generic/libdeflate@1.23
shaderc,pkg:generic/shaderc@2023.8
msgpack,pkg:generic/msgpack@7.0.0
libodb-mysql,pkg:generic/libodb-mysql@2.4.0
bext-ut,pkg:generic/bext-ut@2.0.1
gts,pkg:generic/gts@0.7.6
libnick,pkg:generic/libnick@2025.3.3
sdl3,pkg:generic/sdl3@3.2.8
ucoro,pkg:generic/ucoro@1.0
bext-wintls,pkg:generic/bext-wintls@0.9.8
qthttpserver,pkg:generic/qthttpserver@6.8.2
jsonnet,pkg:generic/jsonnet@0.20.0
hwloc,pkg:generic/hwloc@2.11.2
boost-multi-array,pkg:generic/boost-multi-array@1.87.0
qt5-base,pkg:generic/qt5-base@5.15.16
libexif,pkg:generic/libexif@0.6.25
oatpp-websocket,pkg:generic/oatpp-websocket@1.3.0
mathc,pkg:generic/mathc
msinttypes,pkg:generic/msinttypes
nanobench,pkg:generic/nanobench@4.3.11
fameta-counter,pkg:generic/fameta-counter
rocksdb,pkg:generic/rocksdb@9.10.0
scnlib,pkg:generic/scnlib@4.0.1
hello-imgui,pkg:generic/hello-imgui@1.6.0
qtlottie,pkg:generic/qtlottie@6.8.2
libspatialindex,pkg:generic/libspatialindex@2.0.0
wren,pkg:generic/wren@0.4.0
lemon-parser-generator,pkg:generic/lemon-parser-generator@3.39.3
cjson,pkg:generic/cjson@1.7.18
plib,pkg:generic/plib@1.8.5
mimalloc,pkg:generic/mimalloc@2.1.7
libfontenc,pkg:generic/libfontenc@1.1.4
cuda,pkg:generic/cuda@10.1
mongo-cxx-driver,pkg:generic/mongo-cxx-driver@4.0.0
liborigin,pkg:generic/liborigin@3.0.3
libaes-siv,pkg:generic/libaes-siv
ezfoundation,pkg:generic/ezfoundation@21.10
infoware,pkg:generic/infoware
winpixevent,pkg:generic/winpixevent@1.0.240308001
blend2d,pkg:generic/blend2d
pybind11,pkg:generic/pybind11@2.13.6
catch,pkg:generic/catch
boost-fiber,pkg:generic/boost-fiber@1.87.0
libcred,pkg:generic/libcred@1.0.0
juce,pkg:generic/juce@8.0.4
azure-messaging-eventhubs-cpp,pkg:generic/azure-messaging-eventhubs-cpp
salome-med-fichier,pkg:generic/salome-med-fichier@4.1.1
libassuan,pkg:generic/libassuan@3.0.1
libusb-win32,pkg:generic/libusb-win32@1.2.6.0
bloomberg-quantum,pkg:generic/bloomberg-quantum
cppcoro,pkg:generic/cppcoro
palsigslot,pkg:generic/palsigslot@1.2.2
pthreads,pkg:generic/pthreads@3.0.0
rtmfp-cpp,pkg:generic/rtmfp-cpp@1.5.1
hypre,pkg:generic/hypre@2.32.0
simdjson,pkg:generic/simdjson@3.12.2
expected-lite,pkg:generic/expected-lite@0.8.0
libgxps,pkg:generic/libgxps@0.3.2
vkfft,pkg:generic/vkfft@1.2.31
glew,pkg:generic/glew@2.2.0
mpark-patterns,pkg:generic/mpark-patterns
span-lite,pkg:generic/span-lite@0.11.0
tracy,pkg:generic/tracy@0.11.1
libsnoretoast,pkg:generic/libsnoretoast@0.8.0
nanobind,pkg:generic/nanobind
kf5completion,pkg:generic/kf5completion@5.98.0
memorymodule,pkg:generic/memorymodule
workflow,pkg:generic/workflow@0.11.8
mdspan,pkg:generic/mdspan@0.6.0
frozen,pkg:generic/frozen@1.2.0
usd,pkg:generic/usd@25.2
libjxl,pkg:generic/libjxl
boost-lexical-cast,pkg:generic/boost-lexical-cast@1.87.0
greatest,pkg:generic/greatest@1.5.0
qtquick3d,pkg:generic/qtquick3d@6.8.2
qnnpack,pkg:generic/qnnpack
qwtw,pkg:generic/qwtw@3.1.0
directxtex,pkg:generic/directxtex
spglib,pkg:generic/spglib
vvenc,pkg:generic/vvenc@1.7.0
qtscxml,pkg:generic/qtscxml@6.8.2
cista,pkg:generic/cista@0.15
fastfeat,pkg:generic/fastfeat
asiosdk,pkg:generic/asiosdk@2.3.3
gtest,pkg:generic/gtest
ampl-asl,pkg:generic/ampl-asl
cdt,pkg:generic/cdt@1.4.1
cpu-features,pkg:generic/cpu-features@0.9.0
drlibs,pkg:generic/drlibs
boost-variant2,pkg:generic/boost-variant2@1.87.0
netgen,pkg:generic/netgen@6.2.2401
oatpp-openssl,pkg:generic/oatpp-openssl
suitesparse-ccolamd,pkg:generic/suitesparse-ccolamd
cubeb,pkg:generic/cubeb
aubio,pkg:generic/aubio
str-view,pkg:generic/str-view@0.5.4
boost-mysql,pkg:generic/boost-mysql@1.87.0
pangomm,pkg:generic/pangomm@2.56.1
boost-signals2,pkg:generic/boost-signals2@1.87.0
libfs,pkg:generic/libfs@1.0.9
mujoco,pkg:generic/mujoco@3.3.0
libxdamage,pkg:generic/libxdamage@1.1.5
fizz,pkg:generic/fizz
jinja2cpplight,pkg:generic/jinja2cpplight
ntf-core,pkg:generic/ntf-core@2.5.4
guilite,pkg:generic/guilite
spirit-po,pkg:generic/spirit-po@1.1.2
boost-asio,pkg:generic/boost-asio@1.87.0
frugally-deep,pkg:generic/frugally-deep
mpir,pkg:generic/mpir
chartdir,pkg:generic/chartdir@7.0.0
mmx,pkg:generic/mmx
eve,pkg:generic/eve@2023.2.15
reactiveplusplus,pkg:generic/reactiveplusplus@2.1.1
opensubdiv,pkg:generic/opensubdiv
bext-mp,pkg:generic/bext-mp
boost-compute,pkg:generic/boost-compute@1.87.0
libuvc,pkg:generic/libuvc@0.0.7
qt5-xmlpatterns,pkg:generic/qt5-xmlpatterns@5.15.16
onnx-optimizer,pkg:generic/onnx-optimizer
string-view-lite,pkg:generic/string-view-lite@1.8.0
hnswlib,pkg:generic/hnswlib@0.8.0
networkdirect-sdk,pkg:generic/networkdirect-sdk@2.0.1
opus,pkg:generic/opus@1.5.2
qtshadertools,pkg:generic/qtshadertools@6.8.2
anyrpc,pkg:generic/anyrpc
magnum,pkg:generic/magnum
dmlc,pkg:generic/dmlc
bond,pkg:generic/bond@13.0.1
try-catcher,pkg:generic/try-catcher@1.0.1
mongo-c-driver,pkg:generic/mongo-c-driver@1.30.1
ffmpeg,pkg:generic/ffmpeg@7.1.1
discreture,pkg:generic/discreture
cppad,pkg:generic/cppad@20240000.7
sese,pkg:generic/sese@2.3.0
mujs,pkg:generic/mujs@1.3.6
leaf,pkg:generic/leaf@0.2.2
netcpp,pkg:generic/netcpp@0.5.0
cfitsio,pkg:generic/cfitsio@3.49
nowide,pkg:generic/nowide@11.3.0
sf2cute,pkg:generic/sf2cute@0.2.0
urdfdom-headers,pkg:generic/urdfdom-headers@1.1.1
libedit,pkg:generic/libedit
easyloggingpp,pkg:generic/easyloggingpp@9.97.1
capstone,pkg:generic/capstone@5.0.3
tinyxml,pkg:generic/tinyxml@2.6.2
boost-polygon,pkg:generic/boost-polygon@1.87.0
outcome,pkg:generic/outcome@2.2.9
chaiscript,pkg:generic/chaiscript@6.1.0
woff2,pkg:generic/woff2@1.0.2
yaml-cpp,pkg:generic/yaml-cpp
micro-gl,pkg:generic/micro-gl
cpp-pinyin,pkg:generic/cpp-pinyin@1.0.2
fins,pkg:generic/fins
stduuid,pkg:generic/stduuid@1.2.3
coin-or-buildtools,pkg:generic/coin-or-buildtools
libssh,pkg:generic/libssh@0.10.6
libqcow,pkg:generic/libqcow@20221124
libdshowcapture,pkg:generic/libdshowcapture@0.6.0
fbgemm,pkg:generic/fbgemm@0.4.1
kf5config,pkg:generic/kf5config@5.98.0
plplot,pkg:generic/plplot
boost-crc,pkg:generic/boost-crc@1.87.0
geos,pkg:generic/geos@3.13.0
libdwarf,pkg:generic/libdwarf@0.11.1
vcpkg-cmake,pkg:generic/vcpkg-cmake
farmhash,pkg:generic/farmhash@1.1
pdal-c,pkg:generic/pdal-c@2.2.0
winlamb,pkg:generic/winlamb
pangolin,pkg:generic/pangolin@0.9.3
libxkbfile,pkg:generic/libxkbfile@1.1.0
arsenalgear,pkg:generic/arsenalgear@2.1.1
functionalplus,pkg:generic/functionalplus@0.2.25
strict-variant,pkg:generic/strict-variant@0.5
vulkan-utility-libraries,pkg:generic/vulkan-utility-libraries@1.4.304.1
boost-scope-exit,pkg:generic/boost-scope-exit@1.87.0
spdk-ipsec,pkg:generic/spdk-ipsec
magic-get,pkg:generic/magic-get
pdqsort,pkg:generic/pdqsort
imcce-openfa,pkg:generic/imcce-openfa@20231011.0.3
nano-signal-slot,pkg:generic/nano-signal-slot@2.0.1
libwandio,pkg:generic/libwandio@4.2.1
ztd-static-containers,pkg:generic/ztd-static-containers
raylib,pkg:generic/raylib@5.5
entt,pkg:generic/entt@3.14.0
miniz,pkg:generic/miniz@3.0.2
gherkin-c,pkg:generic/gherkin-c
volk,pkg:generic/volk@1.4.304.1
snappy,pkg:generic/snappy@1.2.1
kinectsdk2,pkg:generic/kinectsdk2@2.0
kf5wallet,pkg:generic/kf5wallet@5.98.0
lua,pkg:generic/lua@5.4.7
kissnet,pkg:generic/kissnet
sentencepiece,pkg:generic/sentencepiece@0.2.0
ebml,pkg:generic/ebml@1.4.5
libyuv,pkg:generic/libyuv@1896
clblast,pkg:generic/clblast@1.6.3
fxdiv,pkg:generic/fxdiv
magnum-extras,pkg:generic/magnum-extras
async-mqtt,pkg:generic/async-mqtt@10.1.0
tabulate,pkg:generic/tabulate@1.5
mfl,pkg:generic/mfl@0.0.1
kwsys,pkg:generic/kwsys
itay-grudev-singleapplication,pkg:generic/itay-grudev-singleapplication@3.5.2
glm,pkg:generic/glm@1.0.1
conjure-enum,pkg:generic/conjure-enum@1.1.0
boost-wave,pkg:generic/boost-wave@1.87.0
soqt,pkg:generic/soqt@1.6.0
libhsplasma,pkg:generic/libhsplasma
gmmlib,pkg:generic/gmmlib@22.5.2
boost-redis,pkg:generic/boost-redis@1.87.0
fadbad,pkg:generic/fadbad@2.1.0
zix,pkg:generic/zix@0.6.2
asyncplusplus,pkg:generic/asyncplusplus@1.2
si,pkg:generic/si@2.5.1
nayuki-qr-code-generator,pkg:generic/nayuki-qr-code-generator@1.8.0
cargs,pkg:generic/cargs@1.2.0
crow,pkg:generic/crow@1.2.1.2
tcb-span,pkg:generic/tcb-span
dlib,pkg:generic/dlib@19.24.6
poissonrecon,pkg:generic/poissonrecon
qt5-multimedia,pkg:generic/qt5-multimedia@5.15.16
task-thread-pool,pkg:generic/task-thread-pool@1.0.7
boost-range,pkg:generic/boost-range@1.87.0
rsm-bsa,pkg:generic/rsm-bsa
exprtk,pkg:generic/exprtk@0.0.3
fawdlstty-libfv,pkg:generic/fawdlstty-libfv@0.0.8
pegtl,pkg:generic/pegtl
nmslib,pkg:generic/nmslib@2.1.1
sdformat13,pkg:generic/sdformat13@13.6.0
anax,pkg:generic/anax@2.1.0
boost-endian,pkg:generic/boost-endian@1.87.0
drekar-launch-process-cpp,pkg:generic/drekar-launch-process-cpp
libenvpp,pkg:generic/libenvpp@1.5.1
gz-plugin2,pkg:generic/gz-plugin2@2.0.1
ctre,pkg:generic/ctre@3.9.0
hffix,pkg:generic/hffix@1.4.1
yas,pkg:generic/yas@7.1.0
htslib,pkg:generic/htslib@1.21
rtlsdr,pkg:generic/rtlsdr@2.0.2
zserge-webview,pkg:generic/zserge-webview@0.12.0
gdbm,pkg:generic/gdbm@1.24
audioengine,pkg:generic/audioengine@1.1
jsonifier,pkg:generic/jsonifier@0.9.98
tinynpy,pkg:generic/tinynpy@1.0.0
nrf-ble-driver,pkg:generic/nrf-ble-driver@4.1.4
simonbrunel-qtpromise,pkg:generic/simonbrunel-qtpromise@0.7.0
lzav,pkg:generic/lzav@4.0
bext-di,pkg:generic/bext-di@1.3.0
rbdl-orb,pkg:generic/rbdl-orb@3.2.0
boost-fusion,pkg:generic/boost-fusion@1.87.0
vulkan-hpp,pkg:generic/vulkan-hpp
yara,pkg:generic/yara@4.5.2
libosmium,pkg:generic/libosmium
gppanel,pkg:generic/gppanel
highway,pkg:generic/highway@1.2.0
openblas,pkg:generic/openblas@0.3.29
libvhdi,pkg:generic/libvhdi@20231127
libaribcaption,pkg:generic/libaribcaption@1.1.1
triton,pkg:generic/triton
quaternions,pkg:generic/quaternions@1.0.0
mman,pkg:generic/mman
qpid-proton,pkg:generic/qpid-proton@0.38.0
tinygltf,pkg:generic/tinygltf@2.9.4
meschach,pkg:generic/meschach
libodb-boost,pkg:generic/libodb-boost@2.4.0
kuku,pkg:generic/kuku@2.1.0
clipboardxx,pkg:generic/clipboardxx
opencsg,pkg:generic/opencsg@1.7.0
wg21-sg14,pkg:generic/wg21-sg14
turbobase64,pkg:generic/turbobase64@2023.8
vxl,pkg:generic/vxl@3.5.0
qhttpengine,pkg:generic/qhttpengine@1.0.2
atlmfc,pkg:generic/atlmfc@0
fbthrift,pkg:generic/fbthrift
soil,pkg:generic/soil
wxcharts,pkg:generic/wxcharts
gz-utils2,pkg:generic/gz-utils2@2.0.0
vulkan-loader,pkg:generic/vulkan-loader@1.4.304.1
azure-security-keyvault-secrets-cpp,pkg:generic/azure-security-keyvault-secrets-cpp
arrayfire,pkg:generic/arrayfire
brpc,pkg:generic/brpc@1.11.0
glbinding,pkg:generic/glbinding@3.1.0
spirv-headers,pkg:generic/spirv-headers@1.4.304.1
wolfmqtt,pkg:generic/wolfmqtt@1.19.0
qtconnectivity,pkg:generic/qtconnectivity@6.8.2
libsercomm,pkg:generic/libsercomm@1.3.2
autodock-vina,pkg:generic/autodock-vina
sbp,pkg:generic/sbp
kf5dbusaddons,pkg:generic/kf5dbusaddons@5.98.0
clfft,pkg:generic/clfft@2.12.2
gettext,pkg:generic/gettext@0.22.5
boost-system,pkg:generic/boost-system@1.87.0
ms-gdkx,pkg:generic/ms-gdkx@1.0.0
sciter-js,pkg:generic/sciter-js@5.0.3.14
libice,pkg:generic/libice@1.1.1
shogun,pkg:generic/shogun
unordered-dense,pkg:generic/unordered-dense@4.5.0
uthenticode,pkg:generic/uthenticode@2.0.1
g3log,pkg:generic/g3log@2.4
d3d12-memory-allocator,pkg:generic/d3d12-memory-allocator@2.0.1
suitesparse-graphblas,pkg:generic/suitesparse-graphblas
nss,pkg:generic/nss@3.99
libxt,pkg:generic/libxt@1.3.0
gtk,pkg:generic/gtk@4.16.3
tensorflow-common,pkg:generic/tensorflow-common
libfort,pkg:generic/libfort
ms-angle,pkg:generic/ms-angle
qt5-webchannel,pkg:generic/qt5-webchannel@5.15.16
libsodium,pkg:generic/libsodium@1.0.20
libudis86,pkg:generic/libudis86
collada-dom,pkg:generic/collada-dom@2.5.0
asio-grpc,pkg:generic/asio-grpc@3.4.2
libaaplus,pkg:generic/libaaplus@2.36
xtensor,pkg:generic/xtensor@0.25.0
gz-utils,pkg:generic/gz-utils@3.1.0
boost-exception,pkg:generic/boost-exception@1.87.0
lapack-reference,pkg:generic/lapack-reference@3.11.0
qtsensors,pkg:generic/qtsensors@6.8.2
acl,pkg:generic/acl
lzfse,pkg:generic/lzfse@1.0
tmxlite,pkg:generic/tmxlite@1.4.4
spscqueue,pkg:generic/spscqueue@1.1
dxsdk-d3dx,pkg:generic/dxsdk-d3dx@9.29.952.8
boost-integer,pkg:generic/boost-integer@1.87.0
boringssl,pkg:generic/boringssl
aws-c-compression,pkg:generic/aws-c-compression@0.3.0
rest-rpc,pkg:generic/rest-rpc@0.12
libxxf86vm,pkg:generic/libxxf86vm@1.1.5
llgi,pkg:generic/llgi
sentry-native,pkg:generic/sentry-native@0.8.1
rxspencer,pkg:generic/rxspencer@3.9.0
edlib,pkg:generic/edlib@1.2.7
aricpp,pkg:generic/aricpp
gz-sensors7,pkg:generic/gz-sensors7@7.3.0
libspnav,pkg:generic/libspnav@0.2.3
oatpp-curl,pkg:generic/oatpp-curl@1.3.0
fastcdr,pkg:generic/fastcdr
readline-unix,pkg:generic/readline-unix@8.2
stb,pkg:generic/stb
libtommath,pkg:generic/libtommath@1.3.0
boost-metaparse,pkg:generic/boost-metaparse@1.87.0
libshout,pkg:generic/libshout@2.4.6
qt5-websockets,pkg:generic/qt5-websockets@5.15.16
range-v3,pkg:generic/range-v3@0.12.0
sprout,pkg:generic/sprout
flatbush,pkg:generic/flatbush@1.2.1
openctm,pkg:generic/openctm@1.0.3
sdl2-net,pkg:generic/sdl2-net@2.2.0
cyclonedds-cxx,pkg:generic/cyclonedds-cxx@0.10.5
lemon,pkg:generic/lemon@0
ngspice,pkg:generic/ngspice@41
suitesparse-config,pkg:generic/suitesparse-config
wincrypt,pkg:generic/wincrypt@0.0
boost-container-hash,pkg:generic/boost-container-hash@1.87.0
suitesparse-btf,pkg:generic/suitesparse-btf
cserialport,pkg:generic/cserialport@4.3.1
c4core,pkg:generic/c4core@0.2.5
rpclib,pkg:generic/rpclib
simd,pkg:generic/simd@6.1.147
sqlite-orm,pkg:generic/sqlite-orm@1.9.1
vc,pkg:generic/vc@1.4.4
bustache,pkg:generic/bustache@1.1.0
boost-nowide,pkg:generic/boost-nowide@1.87.0
args,pkg:generic/args@6.4.6
libsbsms,pkg:generic/libsbsms
tinyexpr,pkg:generic/tinyexpr
nanojsonc,pkg:generic/nanojsonc@1.1.0
opentelemetry-cpp-contrib-version,pkg:generic/opentelemetry-cpp-contrib-version
klein,pkg:generic/klein
cppmicroservices,pkg:generic/cppmicroservices@3.8.6
wayland,pkg:generic/wayland@1.21.0
boost-msm,pkg:generic/boost-msm@1.87.0
libsigcpp,pkg:generic/libsigcpp@3.6.0
gaussianlib,pkg:generic/gaussianlib
tcp-pubsub,pkg:generic/tcp-pubsub@1.0.3
co,pkg:generic/co
xcb-image,pkg:generic/xcb-image@0.4.1
valijson,pkg:generic/valijson@1.0.4
udt,pkg:generic/udt@4.11
cppslippi,pkg:generic/cppslippi@1.4.3.16
libdjinterop,pkg:generic/libdjinterop@0.24.3
laszip,pkg:generic/laszip@3.4.4
modern-cpp-kafka,pkg:generic/modern-cpp-kafka
piex,pkg:generic/piex
raygui,pkg:generic/raygui@4.0
fastor,pkg:generic/fastor@0.6.4
graphicsmagick,pkg:generic/graphicsmagick@1.3.41
v8,pkg:generic/v8@9.1.269.39
tinyxml2,pkg:generic/tinyxml2
tidy-html5,pkg:generic/tidy-html5@5.8.0
vcpkg-tool-mozbuild,pkg:generic/vcpkg-tool-mozbuild@4.0.2
grppi,pkg:generic/grppi@0.4.0
suitesparse-colamd,pkg:generic/suitesparse-colamd
nsync,pkg:generic/nsync@1.29.2
parallelstl,pkg:generic/parallelstl@20200330
vcpkg-tool-lessmsi,pkg:generic/vcpkg-tool-lessmsi@1.10.0
rapidxml,pkg:generic/rapidxml@1.13
concurrentqueue,pkg:generic/concurrentqueue@1.0.4
libleidenalg,pkg:generic/libleidenalg@0.11.1
libredwg,pkg:generic/libredwg@0.13.3
zopfli,pkg:generic/zopfli@1.0.3
maddy,pkg:generic/maddy@1.3.0
hunspell,pkg:generic/hunspell@1.7.2
audit,pkg:generic/audit@4.0.2
stronk,pkg:generic/stronk
blake3,pkg:generic/blake3@1.6.0
libguarded,pkg:generic/libguarded@1.4.1
cmakerc,pkg:generic/cmakerc
sdl2-image,pkg:generic/sdl2-image@2.8.8
boost-hana,pkg:generic/boost-hana@1.87.0
slikenet,pkg:generic/slikenet
wavelib,pkg:generic/wavelib
libeventheader-tracepoint,pkg:generic/libeventheader-tracepoint@1.4.0
platform-folders,pkg:generic/platform-folders@4.2.0
pbc,pkg:generic/pbc@0.5.14
gpgmm,pkg:generic/gpgmm@0.1.2
tsl-ordered-map,pkg:generic/tsl-ordered-map@1.1.0
sdflib,pkg:generic/sdflib
aklomp-base64,pkg:generic/aklomp-base64@0.5.2
spdk,pkg:generic/spdk
pngwriter,pkg:generic/pngwriter@0.7.0
zyre,pkg:generic/zyre
double-conversion,pkg:generic/double-conversion@3.3.0
uchardet,pkg:generic/uchardet@0.0.8
qlementine-icons,pkg:generic/qlementine-icons@1.7.1
fcl,pkg:generic/fcl@0.7.0
boost-proto,pkg:generic/boost-proto@1.87.0